Hisse,Link,Pay Grubu,İmtiyaz Türü,Borsada işlem görüp görmediği
ACISELSAN ACIPAYAM SELÜLOZ SANAYİ VE TİCARET A.Ş.,https://www.kap.org.tr/tr/sirket-bilgileri/genel/4028e4a2420327a4014209c55161144d,-,,İşlem Görüyor
ADEL KALEMCİLİK TİCARET VE SANAYİ A.Ş.,https://www.kap.org.tr/tr/sirket-bilgileri/genel/4028e4a240e8d16e0140e8f159dc0033,-,YOKTUR,İşlem Görüyor
ADESE GAYRİMENKUL YATIRIM A.Ş.,https://www.kap.org.tr/tr/sirket-bilgileri/genel/4028e4a140f2ed720141164431b905a5,A,"A Grubu paylar Ana Sözleşme?nin 7. ve 15. maddeleri çerçevesinde Yönetim Kurulu üyelerinin belirlenmesi ve
oy hakkı kullanımında imtiyaza sahiptir. 
İmtiyazlı (Oy Hakkı 1 hisse 15 Oy)",İşlem Görmüyor
ADRA GAYRİMENKUL YATIRIM ORTAKLIĞI A.Ş.,https://www.kap.org.tr/tr/sirket-bilgileri/genel/8acae2c586d22c53018a737800f804ae,A,,İşlem Görmüyor
AFYON ÇİMENTO SANAYİ T.A.Ş.,https://www.kap.org.tr/tr/sirket-bilgileri/genel/4028e4a24158e42401415af83d607fd3,-,YOKTUR,İşlem Görüyor
AG ANADOLU GRUBU HOLDİNG A.Ş.,https://www.kap.org.tr/tr/sirket-bilgileri/genel/4028e4a240f2ef4c014101b18dc000f7,A,YOK,İşlem Görüyor
AGESA HAYAT VE EMEKLİLİK A.Ş.,https://www.kap.org.tr/tr/sirket-bilgileri/genel/4028e4a140e95bea0140edeb7a54015d,-,,Seçim Yapınız
AGROTECH YÜKSEK TEKNOLOJİ VE YATIRIM A.Ş.,https://www.kap.org.tr/tr/sirket-bilgileri/genel/8acae2c48b2fa259018bb9e449415e84,A,Yönetim kuruluna aday gösterme ve genel kurulda oy imtiyazı bulunmaktadır.,İşlem Görmüyor
AHLATCI DOĞAL GAZ DAĞITIM ENERJİ VE YATIRIM A.Ş.,https://www.kap.org.tr/tr/sirket-bilgileri/genel/4028e4a14203278a0142095715f914d0,A,İmtiyaz Var,İşlem Görmüyor
AKBANK T.A.Ş.,https://www.kap.org.tr/tr/sirket-bilgileri/genel/4028e4a240e8d1830140e905edcd0006,-,Yok,İşlem Görüyor
AKÇANSA ÇİMENTO SANAYİ VE TİCARET A.Ş.,https://www.kap.org.tr/tr/sirket-bilgileri/genel/4028e4a140e8cfa00140e92b0c380016,-,İmtiyaz Yoktur,İşlem Görüyor
AKDENİZ YATIRIM HOLDİNG A.Ş.,https://www.kap.org.tr/tr/sirket-bilgileri/genel/4028e4a1415f4d9901416dc64bd161cb,A,"Yönetim Kuruluna aday gösterme, genel kurulda oy hakkı",Seçim Yapınız
AKENERJİ ELEKTRİK ÜRETİM A.Ş.,https://www.kap.org.tr/tr/sirket-bilgileri/genel/4028e4a14184e9cf01419bffce0b5a69,-,Yok,İşlem Görüyor
AKFEN GAYRİMENKUL YATIRIM ORTAKLIĞI A.Ş.,https://www.kap.org.tr/tr/sirket-bilgileri/genel/4028e4a141733b56014183c1c6ed426e,A,Genel Kurullarda iki yönetim kurulu üyesi seçme imtiyazı vardır,İşlem Görmüyor
AKFEN YENİLENEBİLİR ENERJİ A.Ş.,https://www.kap.org.tr/tr/sirket-bilgileri/genel/8acae2c48304fe9e0186a66e7a9568ea,A,Yönetim kuruluna aday gösterme imtiyazı ve oy hakkında imtiyaz,İşlem Görmüyor
AKIN TEKSTİL A.Ş.,https://www.kap.org.tr/tr/sirket-bilgileri/genel/4028e4a140f2ed7101412c13ba8303a8,A,,İşlem Görmüyor
AKİŞ GAYRİMENKUL YATIRIM ORTAKLIĞI A.Ş.,https://www.kap.org.tr/tr/sirket-bilgileri/genel/4028e4a14158e41f01415a865c0e4d13,A,Yönetim Kuruluna aday gösterme,İşlem Görmüyor
AKMERKEZ GAYRİMENKUL YATIRIM ORTAKLIĞI A.Ş.,https://www.kap.org.tr/tr/sirket-bilgileri/genel/4028e4a240e95dc30140ecc218b30032,A,Yönetim Kuruluna 4 Aday Gösterme,İşlem Görmüyor
AKSA AKRİLİK KİMYA SANAYİİ A.Ş.,https://www.kap.org.tr/tr/sirket-bilgileri/genel/4028e4a240f2ef470141175e189f0453,-,-,İşlem Görüyor
AKSA ENERJİ ÜRETİM A.Ş.,https://www.kap.org.tr/tr/sirket-bilgileri/genel/4028e4a241733d42014179341a147ddb,A,8 kişilik Yönetim Kurulu'nun yarısı A Grubu nama yazılı pay sahiplerinin sermaye çoğunluğunun seçeceği adaylar arasından seçilir.,İşlem Görmüyor
AKSİGORTA A.Ş.,https://www.kap.org.tr/tr/sirket-bilgileri/genel/4028e4a140e95be70140ed12e1f4002c,-,,
AKSU ENERJİ VE TİCARET A.Ş.,https://www.kap.org.tr/tr/sirket-bilgileri/genel/4028e4a140f2ed7201413a20480e0851,A,15,İşlem Görmüyor
ALARKO CARRIER SANAYİ VE TİCARET A.Ş.,https://www.kap.org.tr/tr/sirket-bilgileri/genel/4028e4a241558bd9014155e085e305fd,-,-,İşlem Görüyor
ALARKO GAYRİMENKUL YATIRIM ORTAKLIĞI A.Ş.,https://www.kap.org.tr/tr/sirket-bilgileri/genel/4028e4a241462fd801415005df1c3612,A,Yönetim Kurulu Üyelerinin seçiminde 4 aday gösterme hakkı,İşlem Görmüyor
ALARKO HOLDİNG A.Ş.,https://www.kap.org.tr/tr/sirket-bilgileri/genel/4028e4a241462fd80141500c738e36be,-,-,İşlem Görüyor
ALBARAKA TÜRK KATILIM BANKASI A.Ş.,https://www.kap.org.tr/tr/sirket-bilgileri/genel/4028e4a240f2ef4c014106a1c5ef016d,-,İmtiyaz Yok,İşlem Görüyor
ALCATEL LUCENT TELETAŞ TELEKOMÜNİKASYON A.Ş.,https://www.kap.org.tr/tr/sirket-bilgileri/genel/4028e4a140f2ed71014110e38acb01b5,A-C,Yok,İşlem Görüyor
ALFA SOLAR ENERJİ SANAYİ VE TİCARET A.Ş.,https://www.kap.org.tr/tr/sirket-bilgileri/genel/8acae2c5830502c30183559e2336223e,A,Yönetim kuruluna aday gösterme ve genel kurulda oy kullanma imtiyazı,İşlem Görmüyor
ALKİM ALKALİ KİMYA A.Ş.,https://www.kap.org.tr/tr/sirket-bilgileri/genel/4028e4a140e95be70140ed147846003c,A,Genel Kurul Oy İmtiyazı,İşlem Görmüyor
ALKİM KAĞIT SANAYİ VE TİCARET A.Ş.,https://www.kap.org.tr/tr/sirket-bilgileri/genel/4028e4a2416e697d01416f39965a5eb5,A,Kar payında imtiyaz yoktur. Her hisse için 1 oy hakkı var.,İşlem Görmüyor
ALTIN YUNUS ÇEŞME TURİSTİK TESİSLER A.Ş.,https://www.kap.org.tr/tr/sirket-bilgileri/genel/4028e4a240e95dc90140ed1bc88e0071,A,Yönetim Kurulu Üye Seçimi,İşlem Görmüyor
ALTINAY SAVUNMA TEKNOLOJİLERİ A.Ş.,https://www.kap.org.tr/tr/sirket-bilgileri/genel/8acae2c58b2fa64e018f3d2d712476e2,A,Yönetim Kurulu'na Aday Gösterme ve Genel Kurulda oyda imtiyaz,İşlem Görmüyor
ALTINKILIÇ GIDA VE SÜT SANAYİ TİCARET A.Ş.,https://www.kap.org.tr/tr/sirket-bilgileri/genel/8acae2c48c3efac0018fabe7ce965048,A,yönetim kuruluna aday gösterme ve genel kurulda oy imtiyazı,İşlem Görmüyor
ALTINYAĞ MADENCİLİK VE ENERJİ YATIRIMLARI SANAYİ VE TİCARET A.Ş.,https://www.kap.org.tr/tr/sirket-bilgileri/genel/4028e4a14158e41f01415a8ea74c4fbe,-,YOK,İşlem Görüyor
ALVES KABLO SANAYİ VE TİCARET A.Ş.,https://www.kap.org.tr/tr/sirket-bilgileri/genel/8acae2c58b2fa64e018dc0263b1377aa,A,Oy hakkı imtiyazı ve yönetim kuruluna aday gösterme imtiyazı.,İşlem Görmüyor
ANADOLU ANONİM TÜRK SİGORTA ŞİRKETİ,https://www.kap.org.tr/tr/sirket-bilgileri/genel/4028e4a140e95bea0140ed21b5c10078,B,Yoktur,İşlem Görüyor
ANADOLU EFES BİRACILIK VE MALT SANAYİİ A.Ş.,https://www.kap.org.tr/tr/sirket-bilgileri/genel/4028e4a140e95bea0140ed2fde10009d,-,,İşlem Görüyor
ANADOLU HAYAT EMEKLİLİK A.Ş.,https://www.kap.org.tr/tr/sirket-bilgileri/genel/4028e4a140e95be70140ed40cb930098,A,YÖNETİM KURULU ÜYELİĞİNE ADAY GÖSTERME,İşlem Görmüyor
ANADOLU ISUZU OTOMOTİV SANAYİ VE TİCARET A.Ş.,https://www.kap.org.tr/tr/sirket-bilgileri/genel/4028e4a140e95be70140ed43c4fe00a9,A,Yönetim Kurulu Seçiminde,İşlem Görmüyor
ANATOLİA TANI VE BİYOTEKNOLOJİ ÜRÜNLERİ ARAŞTIRMA GELİŞTİRME SANAYİ VE TİCARET A.Ş.,https://www.kap.org.tr/tr/sirket-bilgileri/genel/8acae2c47afb298b017bed9f037a7185,A,"Oy Hakkı İmtiyazı, Yönetim Kurulunda Temsil Edilme İmtiyazı",İşlem Görmüyor
ANEL ELEKTRİK PROJE TAAHHÜT VE TİCARET A.Ş.,https://www.kap.org.tr/tr/sirket-bilgileri/genel/4028e4a1416e696301416ecd11a12b86,A,1) Oyda İmtiyaz 2) Bağımsız Yönetim Kurulu üyeleri dışındaki üye seçiminde aday gösterme imtiyazı,İşlem Görmüyor
ARÇELİK A.Ş.,https://www.kap.org.tr/tr/sirket-bilgileri/genel/4028e4a240e95dc90140ed55b43900cf,-,Yok,İşlem Görüyor
ARD GRUP BİLİŞİM TEKNOLOJİLERİ A.Ş.,https://www.kap.org.tr/tr/sirket-bilgileri/genel/8acae2c46d7599a6016dde9d93aa2b52,A,Yönetim Kurulu üyelerinin belirlenmesi ve Genel Kurulda oy hakkı kullanımında imtiyazı bulunmaktadır.,İşlem Görmüyor
ARENA BİLGİSAYAR SANAYİ VE TİCARET A.Ş.,https://www.kap.org.tr/tr/sirket-bilgileri/genel/4028e4a140e95bea0140ed5af3a000da,-,Yoktur.,İşlem Görüyor
ARSAN TEKSTİL TİCARET VE SANAYİ A.Ş.,https://www.kap.org.tr/tr/sirket-bilgileri/genel/4028e4a14158e41f01415b1862696142,-,YOKTUR,İşlem Görüyor
ARTEMİS HALI A.Ş.,https://www.kap.org.tr/tr/sirket-bilgileri/genel/8acae2c48c3efac0018dd4c742665c88,A,Oy İmtiyazı ve Yönetiim Kurulu Aday Gösterme İmtiyazı,İşlem Görmüyor
ARZUM ELEKTRİKLİ EV ALETLERİ SANAYİ VE TİCARET A.Ş.,https://www.kap.org.tr/tr/sirket-bilgileri/genel/4028e4a1415f4d990141600875c531b9,A,YÖNETİM KURULUNA ADAY GÖSTERME İMTİYAZI,İşlem Görmüyor
ASCE GAYRİMENKUL YATIRIM ORTAKLIĞI A.Ş.,https://www.kap.org.tr/tr/sirket-bilgileri/genel/8acae2c562329bd1016464c3796e08a0,A,İmtiyazlı,İşlem Görmüyor
ASELSAN ELEKTRONİK SANAYİ VE TİCARET A.Ş.,https://www.kap.org.tr/tr/sirket-bilgileri/genel/4028e4a1413b7ef401413bc2251e0047,A,YÖNETİM KURULUNA ADAY GÖSTERME,İşlem Görmüyor
ASTOR ENERJİ A.Ş.,https://www.kap.org.tr/tr/sirket-bilgileri/genel/8acae2c562329bd10164405fe6c17996,A,A GRUP PAYLARIN PAY BAŞINA 5 OY HAKKI İMTİYAZI VE YÖNETİM KURULU ÜYE SAYISININ YARISINI AŞMAYACAK ŞEKİLDE ADAY GÖSTERME İMTİYAZI,İşlem Görmüyor
ATA GAYRİMENKUL YATIRIM ORTAKLIĞI A.Ş.,https://www.kap.org.tr/tr/sirket-bilgileri/genel/4028e4a140e95bea0140eddf432a0115,A,Yönetim Kurulu Üyelerinin Seçiminde Aday Göstreme İmtiyazı,İşlem Görmüyor
ATAKEY PATATES GIDA SANAYİ VE TİCARET A.Ş.,https://www.kap.org.tr/tr/sirket-bilgileri/genel/8acae2c586d22c53018953500b004578,A,İmtiyazlı,İşlem Görmüyor
ATAKULE GAYRİMENKUL YATIRIM ORTAKLIĞI A.Ş.,https://www.kap.org.tr/tr/sirket-bilgileri/genel/4028e4a240f2ef4c0141164a06d8043a,A,YÖNETİM KURULU ADAY GÖSTERME İMTİYAZI BULUNMAKTADIR.,İşlem Görmüyor
ATLANTİS YATIRIM HOLDİNG A.Ş.,https://www.kap.org.tr/tr/sirket-bilgileri/genel/4028e4a241558bd9014155dde60a05e7,A,Yönetim Kuruluna Aday Göstermede İmtiyaz,İşlem Görmüyor
ATLAS MENKUL KIYMETLER YATIRIM ORTAKLIĞI A.Ş.,https://www.kap.org.tr/tr/sirket-bilgileri/genel/4028e4a240f2ef4c0141029fff920169,A,Yönetim Kurulu Üyelerinin seçiminde (A) Grubu paylarının her biri 100.000.000 (Yüzmilyon) oy hakkına sahiptir,İşlem Görmüyor
ATP YAZILIM VE TEKNOLOJİ A.Ş.,https://www.kap.org.tr/tr/sirket-bilgileri/genel/8acae2c4794d364801798f781baf0fad,A,"Her bir A Grubu payın, genel kurul toplantılarında 5 oy hakkı vardır. Şirket yönetim kurulu üyelerinin yarısı A grubu pay sahiplerinin belirlediği adaylar arasından seçilmektedir.",İşlem Görmüyor
A.V.O.D. KURUTULMUŞ GIDA VE TARIM ÜRÜNLERİ SANAYİ TİCARET A.Ş.,https://www.kap.org.tr/tr/sirket-bilgileri/genel/4028e4a140f2ed72014107916fed023d,A,Oy imtiyazı 1 pay =15 oy,İşlem Görmüyor
AVRASYA GAYRİMENKUL YATIRIM ORTAKLIĞI A.Ş.,https://www.kap.org.tr/tr/sirket-bilgileri/genel/4028e4a240f2ef4c0141029cf7680164,A,(A) grubu payların yönetim kurulu üyelerinin seçiminde aday gösterme imtiyazı vardır. Yönetim kurulu üyelerinin 3 adedi (A) Grubu pay sahiplerinin çoğunlukla gösterdiği adaylar arasından seçilir,İşlem Görmüyor
AVRASYA PETROL VE TURİSTİK TESİSLER YATIRIMLAR A.Ş.,https://www.kap.org.tr/tr/sirket-bilgileri/genel/4028e4a241733d42014182b942a247e4,A,Yönetim kurulu üyelerinin en fazla yarısı A Grubu pay sahiplerinin göstereceği adaylar arasından genel kurulca seçilir.Yönetim Kurulu 5 üyeden teşekkül ederse 2?si; 7 üyeden teşekkül ederse 3?ü; 9 üyeden teşekkül ederse 4?üA Grubu pay sahiplerinin göstereceği adaylar arasından genel kurulca seçilir.,İşlem Görmüyor
AVRUPA YATIRIM HOLDİNG A.Ş.,https://www.kap.org.tr/tr/sirket-bilgileri/genel/1DE05DAA81E9073AE0530A4A622A2EBD,A,İmtiyazlı (Yönetim Kurulu Seçer),İşlem Görmüyor
AVRUPAKENT GAYRİMENKUL YATIRIM ORTAKLIĞI A.Ş.,https://www.kap.org.tr/tr/sirket-bilgileri/genel/8acae2c48c3efabf018c4824da4a0623,A,,
AYDEM YENİLENEBİLİR ENERJİ A.Ş.,https://www.kap.org.tr/tr/sirket-bilgileri/genel/8acae2c4782a4d580178b56e7c5c4404,A,,İşlem Görmüyor
AYEN ENERJİ A.Ş.,https://www.kap.org.tr/tr/sirket-bilgileri/genel/4028e4a240e95dc90140edf072ef0165,A,13-c.13-d,İşlem Görmüyor
AYES ÇELİK HASIR VE ÇİT SANAYİ A.Ş.,https://www.kap.org.tr/tr/sirket-bilgileri/genel/4028e4a1416f846101416f85f6730028,-,Yoktur,İşlem Görüyor
AYGAZ A.Ş.,https://www.kap.org.tr/tr/sirket-bilgileri/genel/4028e4a140e95be70140ee03bd6000e0,-,Yok,İşlem Görüyor
AZTEK TEKNOLOJİ ÜRÜNLERİ TİCARET A.Ş.,https://www.kap.org.tr/tr/sirket-bilgileri/genel/8acae2c4819d0efe01826e96dd896e0e,A,"Yönetim Kurulu Aday Gösterme,Kar Payı,Oy",İşlem Görmüyor
A1 CAPITAL YATIRIM MENKUL DEĞERLER A.Ş.,https://www.kap.org.tr/tr/sirket-bilgileri/genel/4028e4a1416e696301416f37201c5f2e,A,Aday Gösterme İmtiyazı / Oy Hakkı,İşlem Görmüyor
BAGFAŞ BANDIRMA GÜBRE FABRİKALARI A.Ş.,https://www.kap.org.tr/tr/sirket-bilgileri/genel/4028e4a240f2ef4701410810f53601c4,A,A grubu paylar oya iştirak bakımından imtiyazlıdır. A grubu pay sahipleri Genel Kurul toplantılarında her A grubu pay için ayrıca 10 oy hakkına sahiptirler. Böylelikle her imtiyazlı A grubu payın 11 oyu vardır,İşlem Görmüyor
BAK AMBALAJ SANAYİ VE TİCARET A.Ş.,https://www.kap.org.tr/tr/sirket-bilgileri/genel/4028e4a1415f4d9b01415fdc75f12f64,A,,İşlem Görmüyor
BALATACILAR BALATACILIK SANAYİ VE TİCARET A.Ş.,https://www.kap.org.tr/tr/sirket-bilgileri/genel/4028e4a1416e696501416ee5a3d939ad,-,YOKTUR,İşlem Görüyor
BANTAŞ BANDIRMA AMBALAJ SANAYİ TİCARET A.Ş.,https://www.kap.org.tr/tr/sirket-bilgileri/genel/402821824da3aa9b014ef2c4cda22947,A,5.625.000 ADEDİ İÇİN - YÖNETİM KURULU ÜYELERİNİN YARISININ SEÇİMİNDE ADAY GÖSTERME İMTİYAZI,İşlem Görmüyor
BANVİT BANDIRMA VİTAMİNLİ YEM SANAYİİ A.Ş.,https://www.kap.org.tr/tr/sirket-bilgileri/genel/4028e4a1415f4d990141601902e33250,-,,İşlem Görüyor
BAREM AMBALAJ SANAYİ VE TİCARET A.Ş.,https://www.kap.org.tr/tr/sirket-bilgileri/genel/8acae2c47f7cb491017fb5f0afdf174a,A,Yönetim Kurulu Üye Seçiminde İmtiyaz ve Oy Hakkı İmtiyazı,İşlem Görmüyor
BAŞKENT DOĞALGAZ DAĞITIM GAYRİMENKUL YATIRIM ORTAKLIĞI A.Ş.,https://www.kap.org.tr/tr/sirket-bilgileri/genel/4028e4a240f2ef4701413a3410a605ce,A,ADAY GÖSTERME,İşlem Görmüyor
BAŞTAŞ BAŞKENT ÇİMENTO SANAYİ VE TİCARET A.Ş.,https://www.kap.org.tr/tr/sirket-bilgileri/genel/4028e4a140f2ed7201413a4092720892,-,,
BATI EGE GAYRİMENKUL YATIRIM ORTAKLIĞI A.Ş.,https://www.kap.org.tr/tr/sirket-bilgileri/genel/8acae2c48b2fa25a018c01ae7c3973de,A,Yönetim Kurulu Seçimi,İşlem Görmüyor
BATIÇİM BATI ANADOLU ÇİMENTO SANAYİİ A.Ş.,https://www.kap.org.tr/tr/sirket-bilgileri/genel/4028e4a140e95be70140ee07044700eb,A,"Yönetim Kurulu üye seçiminde, oy hakkında ve kar payında imtiyaz",İşlem Görmüyor
BATISÖKE SÖKE ÇİMENTO SANAYİİ T.A.Ş.,https://www.kap.org.tr/tr/sirket-bilgileri/genel/4028e4a24158e42401415920fc3308c5,A,YÖNETİM KURULUNDA ÜYE SEÇİMİNDE İMTİYAZ,İşlem Görmüyor
BAYDÖNER RESTORANLARI A.Ş.,https://www.kap.org.tr/tr/sirket-bilgileri/genel/8acae2c586d22c510189de64baa92725,A,Oyda İmtiyaz,İşlem Görmüyor
BAYRAK EBT TABAN SANAYİ VE TİCARET A.Ş.,https://www.kap.org.tr/tr/sirket-bilgileri/genel/8acae2c56faf888c0170a0e2d88d77c3,A,Yönetim Kurulu Üye Seçimi Ve Beheri 5 oy Hakkı,İşlem Görmüyor
BERA HOLDİNG A.Ş.,https://www.kap.org.tr/tr/sirket-bilgileri/genel/4028e4a241733d42014174023cb0192b,-,,
BERKOSAN YALITIM VE TECRİT MADDELERİ ÜRETİM VE TİCARET A.Ş.,https://www.kap.org.tr/tr/sirket-bilgileri/genel/4028e4a1413b7ef4014144cf3f7b0075,A,imtiyaz,İşlem Görmüyor
BEŞİKTAŞ FUTBOL YATIRIMLARI SANAYİ VE TİCARET A.Ş.,https://www.kap.org.tr/tr/sirket-bilgileri/genel/4028e4a241a25fcb0141a276cda10189,A,Yönetim Kurulu Üyelerinin seçimi,İşlem Görmüyor
BEYAZ FİLO OTO KİRALAMA A.Ş.,https://www.kap.org.tr/tr/sirket-bilgileri/genel/4028e4a141558bdd01415619e62c0577,A,Yönetim Kurulu aday seçiminde imtiyaz,İşlem Görmüyor
BİEN YAPI ÜRÜNLERİ SANAYİ TURİZM VE TİCARET A.Ş.,https://www.kap.org.tr/tr/sirket-bilgileri/genel/4028e4a24a5df6e7014ba1e60b464173,A,İmtiyazlı,İşlem Görmüyor
BİLİCİ YATIRIM SANAYİ VE TİCARET A.Ş.,https://www.kap.org.tr/tr/sirket-bilgileri/genel/4028e4a2413b80d1014144caf7b90037,A,Yönetim Kuruluna ve Denetim Kuruluna Aday Gösterme İmtiyazı ile Oy Hakkı İmtiyazı,İşlem Görmüyor
BİM BİRLEŞİK MAĞAZALAR A.Ş.,https://www.kap.org.tr/tr/sirket-bilgileri/genel/4028e4a140e95be70140ee1b7b030119,-,Yoktur,İşlem Görüyor
BİOTREND ÇEVRE VE ENERJİ YATIRIMLARI A.Ş.,https://www.kap.org.tr/tr/sirket-bilgileri/genel/8acae2c4780814e2017826e1e07318d8,-,Yoktur,İşlem Görüyor
BİRİKİM VARLIK YÖNETİM A.Ş.,https://www.kap.org.tr/tr/sirket-bilgileri/genel/8acae2c562329bd10162b9ff7a6b53d6,-,,
BİRKO BİRLEŞİK KOYUNLULULAR MENSUCAT TİCARET VE SANAYİ A.Ş.,https://www.kap.org.tr/tr/sirket-bilgileri/genel/4028e4a240e95dc90140ee21c40601aa,-,,İşlem Görüyor
BİRLEŞİM MÜHENDİSLİK ISITMA SOĞUTMA HAVALANDIRMA SANAYİ VE TİCARET A.Ş.,https://www.kap.org.tr/tr/sirket-bilgileri/genel/8acae2c4794d3648017aa01a43690c1f,A,Yönetim Kuruluna aday gösterme,İşlem Görmüyor
BİRLİK MENSUCAT TİCARET VE SANAYİ İŞLETMESİ A.Ş.,https://www.kap.org.tr/tr/sirket-bilgileri/genel/4028e4a240e95dc90140ee243b5b01ba,-,YOK,İşlem Görüyor
BİZİM TOPTAN SATIŞ MAĞAZALARI A.Ş.,https://www.kap.org.tr/tr/sirket-bilgileri/genel/4028e4a1416e696301416ec4471d280d,-,Yoktur,İşlem Görüyor
BMS BİRLEŞİK METAL SANAYİ VE TİCARET A.Ş.,https://www.kap.org.tr/tr/sirket-bilgileri/genel/8acae2c47f7cb49201802bda6cbf6b77,A,İMTİYAZLI,İşlem Görmüyor
BMS ÇELİK HASIR SANAYİ VE TİCARET A.Ş.,https://www.kap.org.tr/tr/sirket-bilgileri/genel/8acae2c56eccfc0c016f18f5b1e21747,A,İMTİYAZLI,İşlem Görmüyor
BOĞAZİÇİ BETON SANAYİ VE TİCARET A.Ş.,https://www.kap.org.tr/tr/sirket-bilgileri/genel/8acae2c4782a4d560178d45481dc5948,-,Bulunmamaktadır,İşlem Görüyor
BOR ŞEKER A.Ş.,https://www.kap.org.tr/tr/sirket-bilgileri/genel/8acae2c58b2fa64e018d63bcd2684e71,A,,İşlem Görmüyor
BORLEASE OTOMOTİV A.Ş.,https://www.kap.org.tr/tr/sirket-bilgileri/genel/8acae2c486d22a3a018b03b5cfbe29b8,A,Yönetim Kuruluna Aday Gösterme ve Genel Kurulda Oy İmtiyazı,İşlem Görmüyor
BORUSAN BİRLEŞİK BORU FABRİKALARI SANAYİ VE TİCARET A.Ş.,https://www.kap.org.tr/tr/sirket-bilgileri/genel/4028e4a140f2ed7201412ac9ca5d06e6,A,"Şirket Esas Sözleşmesinin Yönetim Kurulu?nun Oluşumu başlıklı 10. maddesi uyarınca, Yönetim Kurulu Üyeleri?nin yarısı (A) grubu hissedarların göstereceği adaylar arasından seçilir.
Şirket Esas Sözleşmesinin Oy Hakkı başlıklı 20. maddesi uyarınca, A Grubu hisselerin olağan ve olağanüstü genel kurul toplantılarında beşer oy hakkı vardır.",İşlem Görmüyor
BORUSAN YATIRIM VE PAZARLAMA A.Ş.,https://www.kap.org.tr/tr/sirket-bilgileri/genel/4028e4a1415f4d9b0141603cd3904103,A,YK seçimi imtiyazı,İşlem Görmüyor
BOSCH FREN SİSTEMLERİ SANAYİ VE TİCARET A.Ş.,https://www.kap.org.tr/tr/sirket-bilgileri/genel/4028e4a140e95bea0140ee30fb6001b9,A,Yönetim Kuruluna aday gösterme imtiyazına sahiptir.,İşlem Görmüyor
BOSSA TİCARET VE SANAYİ İŞLETMELERİ T.A.Ş.,https://www.kap.org.tr/tr/sirket-bilgileri/genel/4028e4a1415f4d9b014160053ed13d39,-,Yoktur,İşlem Görüyor
BRİSA BRIDGESTONE SABANCI LASTİK SANAYİ VE TİCARET A.Ş.,https://www.kap.org.tr/tr/sirket-bilgileri/genel/4028e4a140e95bea0140ee33bff201cd,A,Yok,İşlem Görmüyor
BURÇELİK BURSA ÇELİK DÖKÜM SANAYİİ A.Ş.,https://www.kap.org.tr/tr/sirket-bilgileri/genel/4028e4a14158e41e01415b2636586ca7,-,Yok,İşlem Görüyor
BURÇELİK VANA SANAYİ VE TİCARET A.Ş.,https://www.kap.org.tr/tr/sirket-bilgileri/genel/4028e4a14158e41e01415b2789266cb6,-,Yok,İşlem Görüyor
BURSA ÇİMENTO FABRİKASI A.Ş.,https://www.kap.org.tr/tr/sirket-bilgileri/genel/4028e4a140ee35c00140ee41a5e4000f,-,Yok,İşlem Görüyor
BÜLBÜLOĞLU VİNÇ SANAYİ VE TİCARET A.Ş.,https://www.kap.org.tr/tr/sirket-bilgileri/genel/8acae2c5830502c30185dea8694c5722,A,Yönetim Kurulu Üye Seçiminde Aday Gösterme ve Oyda İmtiyaz,İşlem Görmüyor
BÜYÜK ŞEFLER GIDA TURİZM TEKSTİL DANIŞMANLIK ORGANİZASYON EĞİTİM SANAYİ VE TİCARET A.Ş.,https://www.kap.org.tr/tr/sirket-bilgileri/genel/8acae2c486d22a3a0187c6822e7324e6,A,"Yönetim Kurulu'na aday gösterme imtiyazı, A grubu paylar bakımından rüçhan hakkı kullanımında imtiyaz, özellikli genel kurul kararlarına ilişkin imtiyaz ve Genel Kurul toplantılarında oyda imtiyaz",İşlem Görmüyor
CARREFOURSA CARREFOUR SABANCI TİCARET MERKEZİ A.Ş.,https://www.kap.org.tr/tr/sirket-bilgileri/genel/4028e4a140ee35c00140ee56930f0024,-,-,İşlem Görüyor
CASA EMTİA PETROL KİMYEVİ VE TÜREVLERİ SANAYİ TİCARET A.Ş.,https://www.kap.org.tr/tr/sirket-bilgileri/genel/4028e4a240f2ef4c01413acf8cda06cc,-,Yoktur,İşlem Görüyor
CEO EVENT MEDYA A.Ş.,https://www.kap.org.tr/tr/sirket-bilgileri/genel/8acae2c469cee2a20169ed8afa9112ee,A,,
COCA-COLA İÇECEK A.Ş.,https://www.kap.org.tr/tr/sirket-bilgileri/genel/4028e4a140ee35c00140ee586bdd0034,A,Yönetime katılmada imtiyaz,İşlem Görmüyor
CONSUS ENERJİ İŞLETMECİLİĞİ VE HİZMETLERİ A.Ş.,https://www.kap.org.tr/tr/sirket-bilgileri/genel/8acae2c57f7cbb48018007c3ad6154d4,-,İmtiyazsız,İşlem Görüyor
COSMOS YATIRIM HOLDİNG A.Ş.,https://www.kap.org.tr/tr/sirket-bilgileri/genel/4028e4a24158e42401415ada104f7e44,A,İMTİYAZLI,İşlem Görmüyor
CREDITWEST FAKTORİNG A.Ş.,https://www.kap.org.tr/tr/sirket-bilgileri/genel/4028e4a141558bdd0141561c84700589,A,YÖNETİM KURULU ÜYELERİNİN YARIDAN BİR FAZLASINI SEÇME HAKKI,İşlem Görmüyor
CVK MADEN İŞLETMELERİ SANAYİ VE TİCARET A.Ş.,https://www.kap.org.tr/tr/sirket-bilgileri/genel/8acae2c586d22c510187381ba299429a,A,,İşlem Görmüyor
CW ENERJİ MÜHENDİSLİK TİCARET VE SANAYİ A.Ş.,https://www.kap.org.tr/tr/sirket-bilgileri/genel/8acae2c56faf888c016fd6c2036e0a5d,A,Yönetim kuruluna aday gösterme ve genel kurulda 1'e 5 oy imtiyazı vardır.,İşlem Görmüyor
ÇAN2 TERMİK A.Ş.,https://www.kap.org.tr/tr/sirket-bilgileri/genel/8acae2c578080f31017811f4dca6032d,-,-,Seçim Yapınız
ÇATES ELEKTRİK ÜRETİM A.Ş.,https://www.kap.org.tr/tr/sirket-bilgileri/genel/8acae2c58b2fa64e018bfaefef6b6fcd,A,,İşlem Görmüyor
ÇELEBİ HAVA SERVİSİ A.Ş.,https://www.kap.org.tr/tr/sirket-bilgileri/genel/4028e4a140ee84900140f1f1584c0015,A,Yönetim Kurulu ve Denetim Kurulu'na aday gösterme,İşlem Görmüyor
ÇELİK HALAT VE TEL SANAYİİ A.Ş.,https://www.kap.org.tr/tr/sirket-bilgileri/genel/4028e4a240f2ef4c0141164dd92d044c,-,Yoktur,İşlem Görüyor
ÇEMAŞ DÖKÜM SANAYİ A.Ş.,https://www.kap.org.tr/tr/sirket-bilgileri/genel/4028e4a140f2ed7201413b14392508fb,-,Yoktur,İşlem Görüyor
ÇEMTAŞ ÇELİK MAKİNA SANAYİ VE TİCARET A.Ş.,https://www.kap.org.tr/tr/sirket-bilgileri/genel/4028e4a140ee84900140f1f334ce0025,-,YOK,İşlem Görüyor
ÇİMBETON HAZIRBETON VE PREFABRİK YAPI ELEMANLARI SANAYİ VE TİCARET A.Ş.,https://www.kap.org.tr/tr/sirket-bilgileri/genel/4028e4a24158e42401415ad0dece7d3a,A,Herbir hisse sahibine 15 oy hakkı,İşlem Görmüyor
ÇİMENTAŞ İZMİR ÇİMENTO FABRİKASI T.A.Ş.,https://www.kap.org.tr/tr/sirket-bilgileri/genel/4028e4a24158e42401415ad34c7f7db7,-,,İşlem Görüyor
ÇİMSA ÇİMENTO SANAYİ VE TİCARET A.Ş.,https://www.kap.org.tr/tr/sirket-bilgileri/genel/4028e4a240ee866c0140f1f64bdb0014,-,,İşlem Görüyor
ÇUHADAROĞLU METAL SANAYİ VE PAZARLAMA A.Ş.,https://www.kap.org.tr/tr/sirket-bilgileri/genel/8acae2c552495f6401529d6a45d10598,A,Yönetim Kurulu Üyelerinin Belirlenmesi ve Oy Hakkı Kullanım imtiyazı,İşlem Görmüyor
DAGİ GİYİM SANAYİ VE TİCARET A.Ş.,https://www.kap.org.tr/tr/sirket-bilgileri/genel/4028e4a140f2ed7101411160c8c6020f,A,"Yönetim kuruluna aday göstermede imtiyaz.
Kar dağıtımında imtiyaz. 
İhraççının esas sözleşmenin 18. Maddesine göre; Şirketin iflastan başka bir sebepten infisahı veya tasfiyesi halinde, Şirket borçları ödendikten sonra kalan mevcudun %15?i (A) grubu pay sahiplerine ödenir.",İşlem Görmüyor
DAGİ YATIRIM HOLDİNG A.Ş.,https://www.kap.org.tr/tr/sirket-bilgileri/genel/4028e4a140f2ed7101411163985a021e,-,Yoktur,İşlem Görüyor
DAP GAYRİMENKUL GELİŞTİRME A.Ş.,https://www.kap.org.tr/tr/sirket-bilgileri/genel/8acae2c47d3bee4e017ea0492b6a0595,A,İmtiyaz Var,İşlem Görmüyor
DARDANEL ÖNENTAŞ GIDA SANAYİ A.Ş.,https://www.kap.org.tr/tr/sirket-bilgileri/genel/4028e4a144a0804e014521a6ca1c0705,-,YOK,İşlem Görüyor
DATAGATE BİLGİSAYAR MALZEMELERİ TİCARET A.Ş.,https://www.kap.org.tr/tr/sirket-bilgileri/genel/4028e4a2416e697d01416eabc02d14f8,A,Yönetim Kurulu Üye Seçiminde İmtiyaz,İşlem Görmüyor
DEMİSAŞ DÖKÜM EMAYE MAMÜLLERİ SANAYİ A.Ş.,https://www.kap.org.tr/tr/sirket-bilgileri/genel/4028e4a240f2ef4c0140f326817e0041,-,Yok,İşlem Görüyor
DENGE YATIRIM HOLDİNG A.Ş.,https://www.kap.org.tr/tr/sirket-bilgileri/genel/4028e4a240ee866c0140f1f80b55002b,A,İmtiyazlı,İşlem Görmüyor
DENİZ GAYRİMENKUL YATIRIM ORTAKLIĞI A.Ş.,https://www.kap.org.tr/tr/sirket-bilgileri/genel/4028e4a240ee866c0140f1fad94e0047,A,Yönetim Kurulu Üyelerinin seçiminde aday gösterme imtiyazı,İşlem Görmüyor
DERİMOD KONFEKSİYON AYAKKABI DERİ SANAYİ VE TİCARET A.Ş.,https://www.kap.org.tr/tr/sirket-bilgileri/genel/4028e4a140f2ed710141116818390237,-,İmtiyazsız,İşlem Görüyor
DERLÜKS YATIRIM HOLDİNG A.Ş.,https://www.kap.org.tr/tr/sirket-bilgileri/genel/8acae2c469cee2a4016a5492160c43c3,-,Yoktur,İşlem Görüyor
DESA DERİ SANAYİ VE TİCARET A.Ş.,https://www.kap.org.tr/tr/sirket-bilgileri/genel/4028e4a240ee866c0140f1fe48fa0070,A,,İşlem Görmüyor
DESPEC BİLGİSAYAR PAZARLAMA VE TİCARET A.Ş.,https://www.kap.org.tr/tr/sirket-bilgileri/genel/4028e4a2416e697d01416ea9d5741424,A,"A Grubu nama yazılı paylar sahiplerine Yönetim Kurulu üyelerini belirleme imtiyazı sağlar. Buna göre; Yönetim Kurulunun 5 veya 6 üyeden oluşması durumunda 4 üye, 7 veya 8 üyeden oluşması durumunda 5 üye, 9 üyeden oluşması durumunda ise 6 üye (A) grubu pay sahiplerinin göstereceği adaylar arasından seçilir.",İşlem Görmüyor
DEVA HOLDİNG A.Ş.,https://www.kap.org.tr/tr/sirket-bilgileri/genel/4028e4a140f2ed710141116ab1d60241,A,"Kar payında, oy hakkında, yönetim kurulu üyeliğinde imtiyaz",İşlem Görmüyor
DİNAMİK ISI MAKİNA YALITIM MALZEMELERİ SANAYİ VE TİCARET A.Ş.,https://www.kap.org.tr/tr/sirket-bilgileri/genel/8acae2c473646c5e017410b3f4b16fae,A,İmtiyazlı,İşlem Görmüyor
DİRİTEKS DİRİLİŞ TEKSTİL SANAYİ VE TİCARET A.Ş.,https://www.kap.org.tr/tr/sirket-bilgileri/genel/4028e4a24158e42201415afbaa14606c,-,Yoktur,İşlem Görüyor
DİTAŞ DOĞAN YEDEK PARÇA İMALAT VE TEKNİK A.Ş.,https://www.kap.org.tr/tr/sirket-bilgileri/genel/4028e4a140f2ed710141179798bb02ed,-,Yoktur,İşlem Görüyor
DMR UNLU MAMULLER ÜRETİM GIDA TOPTAN PERAKENDE İHRACAT A.Ş.,https://www.kap.org.tr/tr/sirket-bilgileri/genel/8acae2c486d22a3b018a97c880c913d6,A,Aday Gösterme İmtiyazı / Oy Hakkı,İşlem Görmüyor
DO & CO AKTIENGESELLSCHAFT,https://www.kap.org.tr/tr/sirket-bilgileri/genel/1DE05DAA82B4073AE0530A4A622A2EBD,-,-,İşlem Görüyor
DOFER YAPI MALZEMELERİ SANAYİ VE TİCARET A.Ş.,https://www.kap.org.tr/tr/sirket-bilgileri/genel/8acae2c486d22a3a018b03b62cd429bd,A,Yönetim Kuruluna Aday Olma ve Gösterme ile Oy İmtiyazı,İşlem Görmüyor
DOĞAN BURDA DERGİ YAYINCILIK VE PAZARLAMA A.Ş.,https://www.kap.org.tr/tr/sirket-bilgileri/genel/4028e4a240ee866c0140f2066a0400b8,-,Yoktur,İşlem Görüyor
DOĞAN ŞİRKETLER GRUBU HOLDİNG A.Ş.,https://www.kap.org.tr/tr/sirket-bilgileri/genel/4028e4a141462df201414ff732983087,-,,İşlem Görüyor
DOĞANLAR MOBİLYA GRUBU İMALAT SANAYİ VE TİCARET A.Ş.,https://www.kap.org.tr/tr/sirket-bilgileri/genel/4028e4a240f27df70140f2eae68c0032,-,Yoktur,İşlem Görüyor
DOĞU ARAS ENERJİ YATIRIMLARI A.Ş.,https://www.kap.org.tr/tr/sirket-bilgileri/genel/8acae2c47afb298b017ccb97632144e5,A,İMTİYAZLI,İşlem Görmüyor
DOĞUSAN BORU SANAYİİ VE TİCARET A.Ş.,https://www.kap.org.tr/tr/sirket-bilgileri/genel/4028e4a141e536460141ee618a972cf0,-,yok,İşlem Görüyor
DOĞUŞ GAYRİMENKUL YATIRIM ORTAKLIĞI A.Ş.,https://www.kap.org.tr/tr/sirket-bilgileri/genel/4028e4a140e8cfa00140e9497d32002f,A,Yönetim Kurulu üyelerinin seçiminde aday gösterme,İşlem Görmüyor
DOĞUŞ OTOMOTİV SERVİS VE TİCARET A.Ş.,https://www.kap.org.tr/tr/sirket-bilgileri/genel/4028e4a240e8d16e0140e951bf04007b,-,Yok,İşlem Görüyor
DÖKTAŞ DÖKÜMCÜLÜK TİCARET VE SANAYİ A.Ş.,https://www.kap.org.tr/tr/sirket-bilgileri/genel/4028e4a241558bd9014155c9b19e03b7,-,Bulunmamaktadır,İşlem Görüyor
DURAN DOĞAN BASIM VE AMBALAJ SANAYİ A.Ş.,https://www.kap.org.tr/tr/sirket-bilgileri/genel/4028e4a141effedc0141fe14e2b41807,-,Yoktur,İşlem Görüyor
DYO BOYA FABRİKALARI SANAYİ VE TİCARET A.Ş.,https://www.kap.org.tr/tr/sirket-bilgileri/genel/4028e4a140e8cf9d0140e95835a30033,A,YÖNETİMDE OY HAKKINDA,İşlem Görmüyor
EBEBEK MAĞAZACILIK A.Ş.,https://www.kap.org.tr/tr/sirket-bilgileri/genel/8acae2c586d22c51018a2b6c8f5963cd,A,Oy hakkı imtiyazı ve Yönetim Kuruluna aday gösterme imziyazları,İşlem Görmüyor
ECZACIBAŞI YATIRIM HOLDİNG ORTAKLIĞI A.Ş.,https://www.kap.org.tr/tr/sirket-bilgileri/genel/4028e4a1415f4d9901416012a278321f,-,YOK,İşlem Görüyor
E-DATA TEKNOLOJİ PAZARLAMA A.Ş.,https://www.kap.org.tr/tr/sirket-bilgileri/genel/8acae2c47902e75101792325d43f2419,A,Oyda İmtiyaz,İşlem Görmüyor
EDİP GAYRİMENKUL YATIRIM SANAYİ VE TİCARET A.Ş.,https://www.kap.org.tr/tr/sirket-bilgileri/genel/4028e4a240e95dc90140ecc568850014,-,Yoktur,İşlem Görüyor
EFOR ÇAY SANAYİ TİCARET A.Ş.,https://www.kap.org.tr/tr/sirket-bilgileri/genel/8acae2c5819d0efb0182923c4c307fbf,A,yönetim kuruluna aday gösterme ve genel kurulda oy imtiyazı,İşlem Görmüyor
EGE ENDÜSTRİ VE TİCARET A.Ş.,https://www.kap.org.tr/tr/sirket-bilgileri/genel/1DE05DAA8254073AE0530A4A622A2EBD,A,10 OY HAKKI,İşlem Görmüyor
EGE GÜBRE SANAYİİ A.Ş.,https://www.kap.org.tr/tr/sirket-bilgileri/genel/4028e4a2422d9a78014304d729e3673d,A,OY HAKKINDA,İşlem Görmüyor
EGE PROFİL TİCARET VE SANAYİ A.Ş.,https://www.kap.org.tr/tr/sirket-bilgileri/genel/4028e4a240f2ef4701413a5c97b805ea,-,,
EGE SERAMİK SANAYİ VE TİCARET A.Ş.,https://www.kap.org.tr/tr/sirket-bilgileri/genel/4028e4a1415f4d9b01415ff0ece83aa8,A,Yönetim Kuruluna üye seçilmesi ve denetçi seçilmesi için aday gösterme ve Kâr payı imtiyazına sahiptir.,İşlem Görmüyor
EGEPLAST EGE PLASTİK TİCARET VE SANAYİ A.Ş.,https://www.kap.org.tr/tr/sirket-bilgileri/genel/4028e4a14158e41e01415aa30e206011,A,,İşlem Görmüyor
EİS ECZACIBAŞI İLAÇ SINAİ VE FİNANSAL YATIRIMLAR SANAYİ VE TİCARET A.Ş.,https://www.kap.org.tr/tr/sirket-bilgileri/genel/4028e4a1415f4d99014160034b683108,-,YOK,İşlem Görüyor
EKİZ KİMYA SANAYİ VE TİCARET A.Ş.,https://www.kap.org.tr/tr/sirket-bilgileri/genel/4028e4a240e95dc30140ed19d1b80064,A,Yönetim Kuruluna Aday Gösterme,İşlem Görmüyor
EKOS TEKNOLOJİ VE ELEKTRİK A.Ş.,https://www.kap.org.tr/tr/sirket-bilgileri/genel/8acae2c48b2fa25a018bb9a255865895,A,A Grubu payların Yönetim Kuruluna aday gösterme ve genel kurulda oy imtiyazı bulunmaktadır.,İşlem Görmüyor
EKSUN GIDA TARIM SANAYİ VE TİCARET A.Ş.,https://www.kap.org.tr/tr/sirket-bilgileri/genel/8acae2c48304fe9c0186ca8287b67657,A,İmtiyazlı,İşlem Görmüyor
ELİTE NATUREL ORGANİK GIDA SANAYİ VE TİCARET A.Ş.,https://www.kap.org.tr/tr/sirket-bilgileri/genel/8acae2c4794d364a017aa049a089099f,A,Yönetim Kurulu Üye Seçimi,İşlem Görmüyor
EMEK ELEKTRİK ENDÜSTRİSİ A.Ş.,https://www.kap.org.tr/tr/sirket-bilgileri/genel/4028e4a241a25fcb0141a289218b0302,-,İMTİYAZ YOKTUR,İşlem Görüyor
EMİNİŞ AMBALAJ SANAYİ VE TİCARET A.Ş.,https://www.kap.org.tr/tr/sirket-bilgileri/genel/4028e4a241e538ab0141ef8f97934765,-,Yoktur,İşlem Görmüyor
EMLAK KONUT GAYRİMENKUL YATIRIM ORTAKLIĞI A.Ş.,https://www.kap.org.tr/tr/sirket-bilgileri/genel/4028e4a2422d9a780142513cda5b232e,A,YÖNETİME ADAY GÖSTERME,İşlem Görmüyor
ENERJİSA ENERJİ A.Ş.,https://www.kap.org.tr/tr/sirket-bilgileri/genel/4028e4a1422d98690142bceaa31957cf,-,,
ENERYA ENERJİ A.Ş.,https://www.kap.org.tr/tr/sirket-bilgileri/genel/4028e4a241733d4201417937d4337e22,A,İmtiyaz var,İşlem Görmüyor
ENKA İNŞAAT VE SANAYİ A.Ş.,https://www.kap.org.tr/tr/sirket-bilgileri/genel/4028e4a240e95dc90140ed3883fe0093,-,YOK,İşlem Görüyor
ENSARİ DERİ GIDA SANAYİ VE TİCARET A.Ş.,https://www.kap.org.tr/tr/sirket-bilgileri/genel/8acae2c47d3bee50017f77c935000e69,A,Yönetim Kuruluna aday gösterme ; 1'e 5 oy imtiyazı bulunmaktadır. (Esas sözleşme Madde:6 ; Madde:10),İşlem Görmüyor
ERBOSAN ERCİYAS BORU SANAYİİ VE TİCARET A.Ş.,https://www.kap.org.tr/tr/sirket-bilgileri/genel/4028e4a14184e9cf01419c006da45a78,A,%10 Kar Payı İmtiyazı,İşlem Görmüyor
ERCİYAS ÇELİK BORU SANAYİ A.Ş.,https://www.kap.org.tr/tr/sirket-bilgileri/genel/2af53003ee3c4464b0b653225816518d,A,YÖNETİM KURULU TAM SAYISININ YARISININ ADAY GÖSTERİLMESİ,İşlem Görmüyor
EREĞLİ DEMİR VE ÇELİK FABRİKALARI T.A.Ş.,https://www.kap.org.tr/tr/sirket-bilgileri/genel/4028e4a240e95dc90140ede4c12a0133,A,İMTİYAZLI,İşlem Görmüyor
ERSAN ALIŞVERİŞ HİZMETLERİ VE GIDA SANAYİ TİCARET A.Ş.,https://www.kap.org.tr/tr/sirket-bilgileri/genel/8acae2c5794d3d6a01795f597b820707,A,İmtiyazlı,İşlem Görmüyor
ERSU MEYVE VE GIDA SANAYİ A.Ş.,https://www.kap.org.tr/tr/sirket-bilgileri/genel/4028e4a140f2ed7201411160fbeb057e,A,,
ESCAR FİLO KİRALAMA HİZMETLERİ A.Ş.,https://www.kap.org.tr/tr/sirket-bilgileri/genel/8acae2c4782a4d560178f8929f486aed,A,Yönetim Kurulu Seçiminde Aday Gösterme İmtiyazı Bulunmaktadır.,İşlem Görmüyor
ESCORT TEKNOLOJİ YATIRIM A.Ş.,https://www.kap.org.tr/tr/sirket-bilgileri/genel/4028e4a142140a8d01421437e3fb036a,A,İMTİYAZLI,İşlem Görmüyor
ESENBOĞA ELEKTRİK ÜRETİM A.Ş.,https://www.kap.org.tr/tr/sirket-bilgileri/genel/8acae2c57436079f0174486159f4072f,A,Genel Kurul toplantılarında A Grubu pay sahipleri bir paya karşılık 5 oy hakkına sahiptir.,İşlem Görmüyor
ETİLER GIDA VE TİCARİ YATIRIMLAR SANAYİ VE TİCARET A.Ş.,https://www.kap.org.tr/tr/sirket-bilgileri/genel/4028e4a240f2ef4701413b24736d0655,A,Var,İşlem Görmüyor
EURO KAPİTAL YATIRIM ORTAKLIĞI A.Ş.,https://www.kap.org.tr/tr/sirket-bilgileri/genel/4028e4a140e95bea0140ed45272800bb,A,Var,İşlem Görmüyor
EURO MENKUL KIYMET YATIRIM ORTAKLIĞI A.Ş.,https://www.kap.org.tr/tr/sirket-bilgileri/genel/4028e4a240e95dc90140ed419b5d00a4,A,Var,İşlem Görmüyor
EURO TREND YATIRIM ORTAKLIĞI A.Ş.,https://www.kap.org.tr/tr/sirket-bilgileri/genel/4028e4a240e95dc30140edba6a660099,A,Var,İşlem Görmüyor
EURO YATIRIM HOLDİNG A.Ş.,https://www.kap.org.tr/tr/sirket-bilgileri/genel/4028e4a240e95dc30140edbd5ca900a3,A,YÖNETİM KURULU ÜYELERİNİN SEÇİMİNDE ADAY GÖSTERME,İşlem Görmüyor
EUROPAP TEZOL KAĞIT SANAYİ VE TİCARET A.Ş.,https://www.kap.org.tr/tr/sirket-bilgileri/genel/8acae2c468aeffb7016949376d695d6c,A,5 oy,İşlem Görmüyor
EUROPEN ENDÜSTRİ İNŞAAT SANAYİ VE TİCARET A.Ş.,https://www.kap.org.tr/tr/sirket-bilgileri/genel/8acae2c580e91030018105632b470bcd,A,,İşlem Görmüyor
EUROPOWER ENERJİ VE OTOMASYON TEKNOLOJİLERİ SANAYİ TİCARET A.Ş.,https://www.kap.org.tr/tr/sirket-bilgileri/genel/8acae2c486d22a3b01875b5644ea61c4,A,,
EYG GAYRİMENKUL YATIRIM ORTAKLIĞI A.Ş.,https://www.kap.org.tr/tr/sirket-bilgileri/genel/8acae2c48304fe9c01843d2398a50797,A,,İşlem Görmüyor
FADE GIDA YATIRIM SANAYİ TİCARET A.Ş.,https://www.kap.org.tr/tr/sirket-bilgileri/genel/8acae2c46e7fdc6d016f85a87ec9674e,A,Yönetim kurulu üye sayısının yarısını seçme ve oy imtiyazı,İşlem Görmüyor
FEDERAL-MOGUL İZMİT PİSTON VE PİM ÜRETİM TESİSLERİ A.Ş.,https://www.kap.org.tr/tr/sirket-bilgileri/genel/4028e4a240f2ef4701410bb5cdab01cf,A,İmtiyazlıdır.,İşlem Görmüyor
FENERBAHÇE FUTBOL A.Ş.,https://www.kap.org.tr/tr/sirket-bilgileri/genel/4028e4a240e95dc90140ede7351a013d,A,Yönetim Kuruluna aday gösterme.,İşlem Görmüyor
FLAP KONGRE TOPLANTI HİZMETLERİ OTOMOTİV VE TURİZM A.Ş.,https://www.kap.org.tr/tr/sirket-bilgileri/genel/4028e4a141558bdd01415620c00705ad,A,Yönetim Kurulu üye seçiminde aday gösterme imtiyazı,İşlem Görmüyor
FONET BİLGİ TEKNOLOJİLERİ A.Ş.,https://www.kap.org.tr/tr/sirket-bilgileri/genel/8acae2c55a980119015b435875566776,A,A) grubu payların yönetim kurulu üyelerinin belirlenmesi ve genel kurulda oy hakkı kullanımında imtiyazı bulunmaktadır,İşlem Görmüyor
FORD OTOMOTİV SANAYİ A.Ş.,https://www.kap.org.tr/tr/sirket-bilgileri/genel/4028e4a140f2ed71014106890fae0138,A,-,İşlem Görüyor
FORMET METAL VE CAM SANAYİ A.Ş.,https://www.kap.org.tr/tr/sirket-bilgileri/genel/8acae2c562329bd101633953d02b0477,-,yok,İşlem Görüyor
FORTE BİLGİ İLETİŞİM TEKNOLOJİLERİ VE SAVUNMA SANAYİ A.Ş.,https://www.kap.org.tr/tr/sirket-bilgileri/genel/8acae2c47f7cb492018094784f6f309a,A,Yönetim Kurulu Üye Seçiminde Aday Gösterme İmtiyazı ve Genel Kurul Toplantılarında Oy Hakkı İmtiyazı,İşlem Görmüyor
FRİGO-PAK GIDA MADDELERİ SANAYİ VE TİCARET A.Ş.,https://www.kap.org.tr/tr/sirket-bilgileri/genel/4028e4a1415f4d9b01415fee1db939f4,-,YOKTUR,İşlem Görüyor
FUZUL GAYRİMENKUL YATIRIM ORTAKLIĞI A.Ş.,https://www.kap.org.tr/tr/sirket-bilgileri/genel/8acae2c586d22c530189534dc2624568,A,Yönetim Kurulu Üyelerinin seçiminde aday gösterme imtiyazı,İşlem Görmüyor
GALATA WIND ENERJİ A.Ş.,https://www.kap.org.tr/tr/sirket-bilgileri/genel/8acae2c46d7599a6016dee0b5aec36b2,-,Yoktur,İşlem Görüyor
GALATASARAY SPORTİF SINAİ VE TİCARİ YATIRIMLAR A.Ş.,https://www.kap.org.tr/tr/sirket-bilgileri/genel/4028e4a14203278a0142095598f114ba,A,(A) Grubu paylar. malikine Galatasaray Sportif Sınai ve Ticari Yatırımlar A.Ş'nin (Şirket) 12 (Oniki) kişilik Yönetim Kurulu üyeliğinden 11 (Onbir) adedini belirleme hakkı vermekte olup (12) Oniki kişilik Şirket Yönetim Kurulu'nun 11(Onbir) üyesi (A) grubu pay sahibinin göstereceği adaylar arasından seçilmektedir.,İşlem Görmüyor
GARANTİ FAKTORİNG A.Ş.,https://www.kap.org.tr/tr/sirket-bilgileri/genel/4028e4a240e95dc90140ee1ab24b0189,A,İMTİYAZLI,İşlem Görmüyor
GARANTİ YATIRIM ORTAKLIĞI A.Ş.,https://www.kap.org.tr/tr/sirket-bilgileri/genel/4028e4a240f2ef470141271e9d5104d3,A,Yönetim Kurulu Seçiminde İmtiyaz,İşlem Görmüyor
GEDİK YATIRIM MENKUL DEĞERLER A.Ş.,https://www.kap.org.tr/tr/sirket-bilgileri/genel/4028e4a140e95bea0140ee1edd700174,-,-,İşlem Görüyor
GEDİZ AMBALAJ SANAYİ VE TİCARET A.Ş.,https://www.kap.org.tr/tr/sirket-bilgileri/genel/4028e4a14158e41e01415b2a655f6cca,A,VAR,İşlem Görmüyor
GELECEK VARLIK YÖNETİMİ A.Ş.,https://www.kap.org.tr/tr/sirket-bilgileri/genel/8acae2c465a51c3801683c2840c516cb,-,,
GEN İLAÇ VE SAĞLIK ÜRÜNLERİ SANAYİ VE TİCARET A.Ş.,https://www.kap.org.tr/tr/sirket-bilgileri/genel/8acae2c5794d3d6a017a89f2678a1118,A,,
GENTAŞ DEKORATİF YÜZEYLER SANAYİ VE TİCARET A.Ş.,https://www.kap.org.tr/tr/sirket-bilgileri/genel/4028e4a2416e696c01416f1e03364c9d,-,,İşlem Görüyor
GERSAN ELEKTRİK TİCARET VE SANAYİ A.Ş.,https://www.kap.org.tr/tr/sirket-bilgileri/genel/4028e4a14158e41e01415aaad2ae618b,-,-,İşlem Görüyor
GEZİNOMİ SEYAHAT TURİZM TİCARET A.Ş.,https://www.kap.org.tr/tr/sirket-bilgileri/genel/8acae2c47d3bee50017e3445b465578f,A,İmtiyazlı,İşlem Görmüyor
GIPTA OFİS KIRTASİYE VE PROMOSYON ÜRÜNLERİ İMALAT SANAYİ A.Ş.,https://www.kap.org.tr/tr/sirket-bilgileri/genel/8acae2c486d22a3a018a5106156c5c3d,A,"Aday Gösterme İmtiyazı, Genel Kurul 5 Oy Hakkı",İşlem Görmüyor
GİMAT MAĞAZACILIK SANAYİ VE TİCARET A.Ş.,https://www.kap.org.tr/tr/sirket-bilgileri/genel/a3ff494df37b408aa9088106fe98f59e,-,-,İşlem Görüyor
GİRİŞİM ELEKTRİK SANAYİ TAAHHÜT VE TİCARET A.Ş.,https://www.kap.org.tr/tr/sirket-bilgileri/genel/8acae2c4794d364a017af66863e41bae,A,Oyda İmtiyaz,İşlem Görmüyor
GLOBAL MENKUL DEĞERLER A.Ş.,https://www.kap.org.tr/tr/sirket-bilgileri/genel/4028e4a140e95bea0140ee21b10d0188,-,,İşlem Görmüyor
GLOBAL YATIRIM HOLDİNG A.Ş.,https://www.kap.org.tr/tr/sirket-bilgileri/genel/4028e4a140e95bea0140ee24416e0197,A,Yönetim Kuruluna Aday Gösterme,İşlem Görmüyor
GOODYEAR LASTİKLERİ T.A.Ş.,https://www.kap.org.tr/tr/sirket-bilgileri/genel/4028e4a140f2ed7101412bfc6f340359,-,İmtiyaz bulunmamaktadır.,İşlem Görüyor
GÖKNUR GIDA MADDELERİ ENERJİ İMALAT İTHALAT İHRACAT TİCARET VE SANAYİ A.Ş.,https://www.kap.org.tr/tr/sirket-bilgileri/genel/4028e4a1462cc5dd0146673d70055928,A,Yönetim kuruluna aday gösterme ve oy hakkı imtiyazı vardır,İşlem Görmüyor
GÖLTAŞ GÖLLER BÖLGESİ ÇİMENTO SANAYİ VE TİCARET A.Ş.,https://www.kap.org.tr/tr/sirket-bilgileri/genel/4028e4a140e95be70140ee27ccd40129,A,"1)Oyda imtiyaz; 
(Esas sözleşme md.19)

2) Yönetim Kurulu üye seçiminde aday gösterme imtiyazı; 
(Esas sözleşme md.7)",İşlem Görmüyor
GÖZDE GİRİŞİM SERMAYESİ YATIRIM ORTAKLIĞI A.Ş.,https://www.kap.org.tr/tr/sirket-bilgileri/genel/4028e4a24158e42201415b0210ba60ef,-,YOKTUR,İşlem Görüyor
GRAINTURK TARIM A.Ş.,https://www.kap.org.tr/tr/sirket-bilgileri/genel/8acae2c48304fe9c018466742a3b2960,A,Yönetim Kurulu Üye Seçiminde Aday Gösterme İmtiyazı ve Genel Kurul Toplantılarında Oy Hakkı İmtiyazı,İşlem Görmüyor
GSD DENİZCİLİK GAYRİMENKUL İNŞAAT SANAYİ VE TİCARET A.Ş.,https://www.kap.org.tr/tr/sirket-bilgileri/genel/4028e4a140e95be70140ee2a7f39013b,A,Yönetim Kurulu Üyesi Aday Gösterme,İşlem Görmüyor
GSD HOLDİNG A.Ş.,https://www.kap.org.tr/tr/sirket-bilgileri/genel/4028e4a140e95be70140ee2be54b014a,A,Yönetim kurulu üyesi aday gösterme imtiyazı,İşlem Görmüyor
GÜBRE FABRİKALARI T.A.Ş.,https://www.kap.org.tr/tr/sirket-bilgileri/genel/4028e4a241733d4a01417989f3760a4d,-,Yok,İşlem Görüyor
GÜLER YATIRIM HOLDİNG A.Ş.,https://www.kap.org.tr/tr/sirket-bilgileri/genel/4028e4a240f2ef4c01410cf733f303d9,A,,İşlem Görmüyor
GÜR-SEL TURİZM TAŞIMACILIK VE SERVİS TİCARET A.Ş.,https://www.kap.org.tr/tr/sirket-bilgileri/genel/8acae2c47d3bee50017f2c2fc65150e6,A,"Şirket Esas Sözleşmesi?nin ?Yönetim Kurulu ve Süresi? başlıklı 7. maddesinde düzenlendiği üzere; A grubu pay sahiplerinin, yönetim kurulu üye sayısının yarısını aşmayacak şekilde aday gösterme imtiyazı bulunmaktadır. Yönetim kurulunun 5 üyeden oluşması durumunda 2 üyesi, 6 veya 7 üyeden oluşması halinde 3 üyesi, 8 veya 9 üyeden oluşması halinde ise 4 üyesi A grubu pay sahipleri tarafından belirlenecek adaylar arasından genel kurul tarafından seçilir. Yönetim kurulu Başkanı A grubu pay sahiplerinin teklif ettiği yönetim kurulu üyeleri arasından seçilir. Esas Sözleşmenin ?Genel Kurul? başlıklı 10. maddesinde düzenlendiği üzere, Şirketin yapılacak olağan ve olağanüstü Genel Kurul toplantılarında A grubu pay sahiplerinin sahip oldukları her bir A grubu pay için 5 oy hakkı bulunmaktadır.",İşlem Görmüyor
HACI ÖMER SABANCI HOLDİNG A.Ş.,https://www.kap.org.tr/tr/sirket-bilgileri/genel/4028e4a240ee37a90140ee50087e000b,-,YOK,İşlem Görüyor
HALK GAYRİMENKUL YATIRIM ORTAKLIĞI A.Ş.,https://www.kap.org.tr/tr/sirket-bilgileri/genel/4028e4a240ee37a30140ee53e47c0057,A,Yönetim Kuruluna Aday Gösterme İmtiyazı,İşlem Görmüyor
HAREKET PROJE TAŞIMACILIĞI VE YÜK MÜHENDİSLİĞİ A.Ş.,https://www.kap.org.tr/tr/sirket-bilgileri/genel/8acae2c48c3efabf018f632d8d082913,A,Yönetim Kurulu'na Aday Gösterme İmtiyazı ile Genel Kurul'da Oy İmtiyazı,İşlem Görmüyor
HATEKS HATAY TEKSTİL İŞLETMELERİ A.Ş.,https://www.kap.org.tr/tr/sirket-bilgileri/genel/4028e4a141e536460141e5859f40059b,-,,
HAT-SAN GEMİ İNŞAA BAKIM ONARIM DENİZ NAKLİYAT SANAYİ VE TİCARET A.Ş.,https://www.kap.org.tr/tr/sirket-bilgileri/genel/8acae2c586d22c51018a739bad647f5a,A,Oy hakkı imtiyazı ve yönetim kuruluna aday gösterme imtiyazı,İşlem Görmüyor
HEDEF GİRİŞİM SERMAYESİ YATIRIM ORTAKLIĞI A.Ş.,https://www.kap.org.tr/tr/sirket-bilgileri/genel/4028e4a242140a9601422820b6da43f8,A,Yönetim Kurulu Seçiminde Aday Gösterme,İşlem Görmüyor
HEDEF HOLDİNG A.Ş.,https://www.kap.org.tr/tr/sirket-bilgileri/genel/8acae2c4794d3648017a8bd7bc0103df,A,,İşlem Görmüyor
HEKTAŞ TİCARET T.A.Ş.,https://www.kap.org.tr/tr/sirket-bilgileri/genel/4028e4a140ee35c00140ee5d194a0055,-,,İşlem Görüyor
HİDROPAR HAREKET KONTROL TEKNOLOJİLERİ MERKEZİ SANAYİ VE TİCARET A.Ş.,https://www.kap.org.tr/tr/sirket-bilgileri/genel/8acae2c5812b84a401816252165513b1,A,İmtiyazlı Oy Hakkı,İşlem Görmüyor
HİTİT BİLGİSAYAR HİZMETLERİ A.Ş.,https://www.kap.org.tr/tr/sirket-bilgileri/genel/8acae2c57d3bf002017e016f30e442c6,A,,İşlem Görmüyor
HOROZ LOJİSTİK KARGO HİZMETLERİ VE TİCARET A.Ş.,https://www.kap.org.tr/tr/sirket-bilgileri/genel/8acae2c58b2fa64e018fabc0441664a1,A,yönetim kuruluna aday gösterme ile genel kurulda oy kullanma hakkı,İşlem Görmüyor
HUB GİRİŞİM SERMAYESİ YATIRIM ORTAKLIĞI A.Ş.,https://www.kap.org.tr/tr/sirket-bilgileri/genel/4028e4a240f2ef4c01413b59d12c0749,A,Yönetim Kurulu Seçimi İmtiyazı,İşlem Görmüyor
HUN YENİLENEBİLİR ENERJİ ÜRETİM A.Ş.,https://www.kap.org.tr/tr/sirket-bilgileri/genel/8acae2c47d3bee4e017e347a3f5a5b1a,A,"Yönetim Kurulu üyelerinin yarısı A grubu pay sahipleri tarafından gösterilecek adaylar arasından seçilir. şirket olağan ve olağanüstü Genel Kurul toplantılarında, her bir A grubu pay sahibine veya vekiline 5 (beş) oy hakkı verir.",İşlem Görmüyor
HÜRRİYET GAZETECİLİK VE MATBAACILIK A.Ş.,https://www.kap.org.tr/tr/sirket-bilgileri/genel/4028e4a140ee35c70140ee6408650041,-,,
IC ENTERRA YENİLENEBİLİR ENERJİ A.Ş.,https://www.kap.org.tr/tr/sirket-bilgileri/genel/8acae2c48c3efabf018e64e77b5d3e77,A,Oy İmtiyazı,İşlem Görmüyor
ICBC TURKEY BANK A.Ş.,https://www.kap.org.tr/tr/sirket-bilgileri/genel/4028e4a24158e42401415a700e104f3f,A,Yönetim ve Denetm Kurulu Üyelerini Aday Gösterme İmtiyazı,İşlem Görüyor
ICU GİRİŞİM SERMAYESİ YATIRIM ORTAKLIĞI A.Ş.,https://www.kap.org.tr/tr/sirket-bilgileri/genel/4028e4a141e536460141e53ba7790052,A,"Şirketin 2 adet pay grubu vardır. A grubu payların Yönetim Kurulunun 5 üyeden oluşması halinde 3 üye, 6 ve 7 üyeden oluşması halinde 4 üye seçtirme imtiyazı vardır.B grubu paylara imtiyaz tanınmamıştır.",İşlem Görmüyor
INGRAM MİCRO BİLİŞİM SİSTEMLERİ A.Ş.,https://www.kap.org.tr/tr/sirket-bilgileri/genel/4028e4a241462fd80141556f6a9308a2,A,Yönetim kurulu üye seçiminde imtiyaz,İşlem Görmüyor
INVEO YATIRIM HOLDİNG A.Ş.,https://www.kap.org.tr/tr/sirket-bilgileri/genel/4028e4a140f2ed7201413b67b22f0929,A,Yönetim Kurulu seçiminde 15 oy hakkına sahiptir.,İşlem Görmüyor
INVESTCO HOLDİNG A.Ş.,https://www.kap.org.tr/tr/sirket-bilgileri/genel/8acae2c47d3bee50017f0bbbbbfa3c0e,A,Genel Kurulda 5 Oy Hakkı ve Yönetim Kurulu Üyelerinin Yarısının Seçimi,İşlem Görmüyor
IŞIK PLASTİK SANAYİ VE DIŞ TİCARET PAZARLAMA A.Ş.,https://www.kap.org.tr/tr/sirket-bilgileri/genel/8acae2c575a1b5b601770603623b7c43,-,İmtiyazsız,İşlem Görüyor
IŞIKLAR ENERJİ VE YAPI HOLDİNG A.Ş.,https://www.kap.org.tr/tr/sirket-bilgileri/genel/4028e4a140f2ed7201410d315d200314,A,OYDA ve YÖNETİM KURULUNA ADAY GÖSTERMEDE İMTİYAZ,İşlem Görmüyor
İDEALİST GAYRİMENKUL YATIRIM ORTAKLIĞI A.Ş.,https://www.kap.org.tr/tr/sirket-bilgileri/genel/4028e4a14184e9c901419d6d716e6b19,A,Yönetim Kurulu Üyelerinin Seçiminde Aday Gösterme İmtiyazı,İşlem Görmüyor
İHLAS EV ALETLERİ İMALAT SANAYİ VE TİCARET A.Ş.,https://www.kap.org.tr/tr/sirket-bilgileri/genel/4028e4a240ee37a30140ee7a98160079,A,Yönetim Kurulu seçiminde,İşlem Görmüyor
İHLAS GAYRİMENKUL PROJE GELİŞTİRME VE TİCARET A.Ş.,https://www.kap.org.tr/tr/sirket-bilgileri/genel/4028e4a141a25dcb0141a2a7a0060471,-,Yok.,İşlem Görüyor
İHLAS GAZETECİLİK A.Ş.,https://www.kap.org.tr/tr/sirket-bilgileri/genel/4028e4a140ee84900140f1f8d5bc003c,A,OYDA VE YÖNETİM KURULU ÜYESİ  SEÇİMİNDE İMTİYAZ BULUNMAKTADIR.,İşlem Görmüyor
İHLAS HABER AJANSI A.Ş.,https://www.kap.org.tr/tr/sirket-bilgileri/genel/8acae2c57afb2d70017bdf2f5af067ed,A,Oyda ve Yönetim Kurulu Üyesi Seçiminde İmtiyaz Bulunmaktadır.,İşlem Görmüyor
İHLAS HOLDİNG A.Ş.,https://www.kap.org.tr/tr/sirket-bilgileri/genel/4028e4a140ee84900140f1fbc6b1004f,A,Yoktur.,İşlem Görüyor
İHLAS YAYIN HOLDİNG A.Ş.,https://www.kap.org.tr/tr/sirket-bilgileri/genel/4028e4a140ee847b0140f205c4270035,A,YOKTUR,İşlem Görüyor
İMAŞ MAKİNA SANAYİ A.Ş.,https://www.kap.org.tr/tr/sirket-bilgileri/genel/8acae2c47f7cb49201802cedfbb46d26,A,"A grubu pay sahipleri, şirket esas sözleşmesinin 7.maddesi uyarınca yönetim kurulu üyelerinin yarısını aday gösterme ve esas sözleşmenin 10.maddesi uyarınca genel kurullarda her bir pay için 5 (beş) oy hakkına sahiptir.",İşlem Görmüyor
İNDEKS BİLGİSAYAR SİSTEMLERİ MÜHENDİSLİK SANAYİ VE TİCARET A.Ş.,https://www.kap.org.tr/tr/sirket-bilgileri/genel/4028e4a2416e697d01416ead8a0615a7,A,"Kar payinda imtiyaz,Yönetim kurulu üye seçiminde imtiyaz",İşlem Görmüyor
İNFO YATIRIM MENKUL DEĞERLER A.Ş.,https://www.kap.org.tr/tr/sirket-bilgileri/genel/4028e4a2416e696c01416edd30ca3148,A,İMTİYAZLI,İşlem Görmüyor
İNNOSA TEKNOLOJİ A.Ş.,https://www.kap.org.tr/tr/sirket-bilgileri/genel/402821824bf524dc014bff15df9f2027,A,Yönetime Seçilme Hakkı,İşlem Görmüyor
İNTEMA İNŞAAT VE TESİSAT MALZEMELERİ YATIRIM VE PAZARLAMA A.Ş.,https://www.kap.org.tr/tr/sirket-bilgileri/genel/4028e4a241e538b40141e572868704e7,-,Yok,İşlem Görüyor
İPEK DOĞAL ENERJİ KAYNAKLARI ARAŞTIRMA VE ÜRETİM A.Ş.,https://www.kap.org.tr/tr/sirket-bilgileri/genel/4028e4a2422d9a6e0142bd9255a37a70,A,YÖNETM KURULU SEÇİMİNDE İMTİYAZ-DENETİM KURULU SEÇİMİNDE İMTİYAZ,İşlem Görmüyor
İSKENDERUN DEMİR VE ÇELİK A.Ş.,https://www.kap.org.tr/tr/sirket-bilgileri/genel/4028e4a2416e696c01416ee8eb7b3770,A,İMTİYAZLI,İşlem Görmüyor
İŞ FİNANSAL KİRALAMA A.Ş.,https://www.kap.org.tr/tr/sirket-bilgileri/genel/4028e4a140f2ed7101410d272d690188,A,Yönetim Kurulu Üyeleri (A) grubu pay sahiplerinin göstereceği adaylar arasından seçilir,İşlem Görmüyor
İŞ GAYRİMENKUL YATIRIM ORTAKLIĞI A.Ş.,https://www.kap.org.tr/tr/sirket-bilgileri/genel/4028e4a140f2ed7201412acbeb8b06f7,A,Yönetim Kurulu üyelerinin seçiminde aday gösterme,İşlem Görmüyor
İŞ GİRİŞİM SERMAYESİ YATIRIM ORTAKLIĞI A.Ş.,https://www.kap.org.tr/tr/sirket-bilgileri/genel/4028e4a240ee866c0140f273ea66014d,A,YÖNETİM KURULUNA ADAY GÖSTERME,İşlem Görmüyor
İŞ YATIRIM MENKUL DEĞERLER A.Ş.,https://www.kap.org.tr/tr/sirket-bilgileri/genel/4028e4a140f275530140f277aa100008,A,Yönetim Kurulu'nun altı (6) üyesi A Grubu payların çoğunluğu tarafından gösterilecek adaylar arasından seçilir.,İşlem Görmüyor
İŞ YATIRIM ORTAKLIĞI A.Ş.,https://www.kap.org.tr/tr/sirket-bilgileri/genel/4028e4a240ee866c0140f2710c33013d,A,Yönetim kurulu üyelerinin seçiminde oy hakkı imtiyazı bulunmaktadır.,İşlem Görmüyor
İŞBİR HOLDİNG A.Ş.,https://www.kap.org.tr/tr/sirket-bilgileri/genel/4028e4a240f2ef4c0141017954a000b4,-,,İşlem Görüyor
İŞBİR SENTETİK DOKUMA SANAYİ A.Ş.,https://www.kap.org.tr/tr/sirket-bilgileri/genel/8acae2c452495e0b0152ef57ae190f85,-,Yoktur,İşlem Görüyor
İZ YATIRIM HOLDİNG A.Ş.,https://www.kap.org.tr/tr/sirket-bilgileri/genel/1DE05DAA82FC073AE0530A4A622A2EBD,A,,İşlem Görmüyor
İZDEMİR ENERJİ ELEKTRİK ÜRETİM A.Ş.,https://www.kap.org.tr/tr/sirket-bilgileri/genel/8acae2c5534651ff0153612ea22a02ec,A,Yönetim,İşlem Görmüyor
İZMİR DEMİR ÇELİK SANAYİ A.Ş.,https://www.kap.org.tr/tr/sirket-bilgileri/genel/4028e4a140f275550140f27e319401ca,A,Yönetim Kurulu üyeliğine aday gösterebilme.,İşlem Görmüyor
İZMİR FIRÇA SANAYİ VE TİCARET A.Ş.,https://www.kap.org.tr/tr/sirket-bilgileri/genel/4028e4a146b4c41301485f8c72095698,A,VARDIR,İşlem Görmüyor
JANTSA JANT SANAYİ VE TİCARET A.Ş.,https://www.kap.org.tr/tr/sirket-bilgileri/genel/4028e4a240f2ef4c01413b1b57300719,A,OY KULLANMA VE YÖNETİM KURULUNA ADAY GÖSTERME,İşlem Görmüyor
KAFEİN YAZILIM HİZMETLERİ TİCARET A.Ş.,https://www.kap.org.tr/tr/sirket-bilgileri/genel/8acae2c55835f84c015848477328085a,A,Genel Kurulda 15 oy hakkı,İşlem Görmüyor
KALEKİM KİMYEVİ MADDELER SANAYİ VE TİCARET A.Ş.,https://www.kap.org.tr/tr/sirket-bilgileri/genel/4028e4a144a0804f01452d35e88a3208,A,İmtiyazlı,İşlem Görmüyor
KALESERAMİK ÇANAKKALE KALEBODUR SERAMİK SANAYİ A.Ş.,https://www.kap.org.tr/tr/sirket-bilgileri/genel/4028e4a140f275550140f285f6cf0246,A,,İşlem Görmüyor
KAPLAMİN AMBALAJ SANAYİ VE TİCARET A.Ş.,https://www.kap.org.tr/tr/sirket-bilgileri/genel/4028e4a1416e696501416f314a3960dc,-,İMTİYAZSIZ,İşlem Görüyor
KARDEMİR KARABÜK DEMİR ÇELİK SANAYİ VE TİCARET A.Ş.,https://www.kap.org.tr/tr/sirket-bilgileri/genel/4028e4a140f2ed7201412ace3ada0707,A,Yoktur,İşlem Görüyor
KAREL ELEKTRONİK SANAYİ VE TİCARET A.Ş.,https://www.kap.org.tr/tr/sirket-bilgileri/genel/4028e4a246b4c5a90147d42c754a6bba,A,Oy Kullanmada İmtiyazlı,İşlem Görmüyor
KARSAN OTOMOTİV SANAYİİ VE TİCARET A.Ş.,https://www.kap.org.tr/tr/sirket-bilgileri/genel/4028e4a140f275530140f2e357a501f7,A,A GRUBU HİSSE SENETLERİ YÖNETİM KURULU ÜYELERİNİN SEÇİMİNDE ADAY GÖSTERME İMTİYAZI HAKKINA SAHİPTİR. (ESAS SÖZLEŞME MADDE 8),İşlem Görmüyor
KARSU TEKSTİL SANAYİİ VE TİCARET A.Ş.,https://www.kap.org.tr/tr/sirket-bilgileri/genel/4028e4a240f2ef47014106bb724601b1,-,Yok,İşlem Görüyor
KARTAL YENİLENEBİLİR ENERJİ ÜRETİM A.Ş.,https://www.kap.org.tr/tr/sirket-bilgileri/genel/8acae2c5794d3d66017a62a693be689d,A,"Şirketin 2 adet pay grubu vardır. A pay grupları her 1.-TL nominal değerli pay başına 5 oy hakkına sahiptir.
Şirket olağan ve olağanüstü genel kurul toplantılarında Agrubu pay sahibine veya vekiline 5(beş) oy hakkı verir.",İşlem Görmüyor
KARTONSAN KARTON SANAYİ VE TİCARET A.Ş.,https://www.kap.org.tr/tr/sirket-bilgileri/genel/4028e4a2416e697d01416e969af50d2e,A,Kar Payı İmtiyazı,İşlem Görmüyor
KATILIMEVİM TASARRUF FİNANSMAN A.Ş.,https://www.kap.org.tr/tr/sirket-bilgileri/genel/8acae2c5830502c20185a9e2e5ac488b,-,Yoktur.,İşlem Görüyor
KATMERCİLER ARAÇ ÜSTÜ EKİPMAN SANAYİ VE TİCARET A.Ş.,https://www.kap.org.tr/tr/sirket-bilgileri/genel/4028e4a14184e9cf01419c001e945a74,A,Yönetim kurulu üye sayısının yarısını seçme imtiyazı,İşlem Görmüyor
KAYSERİ ŞEKER FABRİKASI A.Ş.,https://www.kap.org.tr/tr/sirket-bilgileri/genel/4028e4a144a0804f0145a837a7ad0a66,-,İmtiyaz bulunmuyor,İşlem Görüyor
KENT GIDA MADDELERİ SANAYİİ VE TİCARET A.Ş.,https://www.kap.org.tr/tr/sirket-bilgileri/genel/4028e4a14184e9cf01419c41a8125db1,-,,İşlem Görüyor
KEREVİTAŞ GIDA SANAYİ VE TİCARET A.Ş.,https://www.kap.org.tr/tr/sirket-bilgileri/genel/4028e4a1416e696301416ec5743e289d,-,Yoktur,İşlem Görüyor
KERVAN GIDA SANAYİ VE TİCARET A.Ş.,https://www.kap.org.tr/tr/sirket-bilgileri/genel/4028e4a246b4c5a90148127e32eb47e9,A GRUBU,Yönetim Kurulu'na aday gösterme imtiyazı,İşlem Görmüyor
KERVANSARAY YATIRIM HOLDİNG A.Ş.,https://www.kap.org.tr/tr/sirket-bilgileri/genel/4028e4a1415f4d9901416004afc13142,-,-,İşlem Görüyor
KIZILBÜK GAYRİMENKUL YATIRIM ORTAKLIĞI A.Ş.,https://www.kap.org.tr/tr/sirket-bilgileri/genel/8acae2c5794d3d66017aadf2b6b719cb,A,Yönetim Kurulu Seçimi,İşlem Görmüyor
KİLER GAYRİMENKUL YATIRIM ORTAKLIĞI A.Ş.,https://www.kap.org.tr/tr/sirket-bilgileri/genel/4028e4a2415f4f8101415f7009a809a2,A,Yönetim Kurulu Üye Seçiminde İmtiyaz,İşlem Görmüyor
KİLER HOLDİNG A.Ş.,https://www.kap.org.tr/tr/sirket-bilgileri/genel/4028e4a1415f4d990141600b4b5331e2,A,Yönetim Kurulu Aday Gösterme ve Genel Kurul Oy İmtiyazı,İşlem Görmüyor
KİMTEKS POLİÜRETAN SANAYİ VE TİCARET A.Ş.,https://www.kap.org.tr/tr/sirket-bilgileri/genel/8acae2c47d3bee4e017da32a238f235f,A,Yönetim Kurulu Üye Seçimi Genel Kurulda Oy Kullanma,İşlem Görmüyor
KLİMASAN KLİMA SANAYİ VE TİCARET A.Ş.,https://www.kap.org.tr/tr/sirket-bilgileri/genel/4028e4a2416e696c01416f7763e874db,A,YÖNETİM KURULU SEÇİMİNDE İMTİYAZ VE OY İMTİYAZ,İşlem Görmüyor
KOCAER ÇELİK SANAYİ VE TİCARET A.Ş.,https://www.kap.org.tr/tr/sirket-bilgileri/genel/4028e4a2416f888d01416f9ea04a058f,A,Yönetim Kuruluna Aday Gösterme İmtiyazı ve Genel Kurulda Oyda İmtiyaz,İşlem Görmüyor
KOÇ HOLDİNG A.Ş.,https://www.kap.org.tr/tr/sirket-bilgileri/genel/4028e4a140f2ed710140f2f4d6c70039,A,"Her bir A Grubu payın, genel kurul toplantılarında ikişer oy hakkı vardır.",İşlem Görmüyor
KOÇ METALURJİ A.Ş.,https://www.kap.org.tr/tr/sirket-bilgileri/genel/4028e4a2416e696c01416f734ce273ad,A,Oy Hakkı İmtiyazı ve Yönetim Kuruluna Aday Gösterme,İşlem Görmüyor
KOLEKSİYON MOBİLYA SANAYİ A.Ş.,https://www.kap.org.tr/tr/sirket-bilgileri/genel/402821814da3a99c014f3b4e25ff608e,A,İmtiyazlı,İşlem Görmüyor
KONFRUT GIDA SANAYİ VE TİCARET A.Ş.,https://www.kap.org.tr/tr/sirket-bilgileri/genel/4028e4a140f2ed710140f2fc30bc006e,-,-,İşlem Görüyor
KONTROLMATİK TEKNOLOJİ ENERJİ VE MÜHENDİSLİK A.Ş.,https://www.kap.org.tr/tr/sirket-bilgileri/genel/8acae2c5745d76320174c4879b101cb2,-,Yok,İşlem Görüyor
KONYA ÇİMENTO SANAYİİ A.Ş.,https://www.kap.org.tr/tr/sirket-bilgileri/genel/4028e4a140f2ed720140f3014c9400cf,-,İMTİYAZLI HİSSE BULUNMAMAKTADIR.,İşlem Görüyor
KONYA KAĞIT SANAYİ VE TİCARET A.Ş.,https://www.kap.org.tr/tr/sirket-bilgileri/genel/4028e4a244a08180014619dea2160482,A,İMTİYAZLI,İşlem Görmüyor
KORAY GAYRİMENKUL YATIRIM ORTAKLIĞI A.Ş.,https://www.kap.org.tr/tr/sirket-bilgileri/genel/4028e4a240f2ef4c0141176f57ca04a5,A,Yönetim Kurulu Üyeleri'nden 3 adedi A grubu pay sahiplerinin gösterdiği adaylar arasından seçilir.,İşlem Görmüyor
KORDSA TEKNİK TEKSTİL A.Ş.,https://www.kap.org.tr/tr/sirket-bilgileri/genel/4028e4a140f2ed720140f30606a700ec,-,YOK,İşlem Görüyor
KOROPLAST TEMİZLİK AMBALAJ ÜRÜNLERİ SANAYİ VE DIŞ TİCARET A.Ş.,https://www.kap.org.tr/tr/sirket-bilgileri/genel/8acae2c47f7cb49101803bbfecdb76dd,A,Yönetim Kuruluna Aday Gösterme,İşlem Görmüyor
KOTON MAĞAZACILIK TEKSTİL SANAYİ VE TİCARET A.Ş.,https://www.kap.org.tr/tr/sirket-bilgileri/genel/4028e4a2422d9a7801429a4cc3d64f41,A,Genel Kurulda Yönetim Kurulu Üye Seçiminde Oyda İmtiyaz,İşlem Görmüyor
KOZA ALTIN İŞLETMELERİ A.Ş.,https://www.kap.org.tr/tr/sirket-bilgileri/genel/4028e4a2422d9a6e0142bd91d3687a69,A,,İşlem Görmüyor
KOZA ANADOLU METAL MADENCİLİK İŞLETMELERİ A.Ş.,https://www.kap.org.tr/tr/sirket-bilgileri/genel/4028e4a2422d9a6e0142bd921d307a6d,A,Yönetim Kurulu Seçiminde İmtiyaz -Denetim Kurulu Seçiminde İmtiyas,İşlem Görmüyor
KOZA POLYESTER SANAYİ VE TİCARET A.Ş.,https://www.kap.org.tr/tr/sirket-bilgileri/genel/8acae2c486d22a3b01873668ecf84494,A,Yönetim Kuruluna Aday Gösterme İmtiyazı ve Oy Hakkında İmtiyaz,İşlem Görmüyor
KÖRFEZ GAYRİMENKUL YATIRIM ORTAKLIĞI A.Ş.,https://www.kap.org.tr/tr/sirket-bilgileri/genel/4028e4a244a081810146002d6e0c555f,A,Yönetim kurulu üyelerinin seçiminde aday gösterme,İşlem Görmüyor
KRİSTAL KOLA VE MEŞRUBAT SANAYİ TİCARET A.Ş.,https://www.kap.org.tr/tr/sirket-bilgileri/genel/4028e4a240f2ef4c0140f3180014001a,A,Yönetim Kurulu Üye Seçimi,İşlem Görmüyor
KRON TEKNOLOJİ A.Ş.,https://www.kap.org.tr/tr/sirket-bilgileri/genel/4028e4a2415f4f8401415ffc858834e3,A,Yönetim Kuruluna Üye Atama,İşlem Görmüyor
KUŞTUR KUŞADASI TURİZM ENDÜSTRİSİ A.Ş.,https://www.kap.org.tr/tr/sirket-bilgileri/genel/4028e4a141462df201414f97fa07221a,-,,İşlem Görüyor
KUVVA GIDA TİCARET VE SANAYİ YATIRIMLARI A.Ş.,https://www.kap.org.tr/tr/sirket-bilgileri/genel/4028e4a2422d9a6e01424699b9d061ec,A,Yönetim kurulu seçimi,İşlem Görmüyor
KUYAŞ YATIRIM A.Ş.,https://www.kap.org.tr/tr/sirket-bilgileri/genel/4028e4a241a25fd60141a2bf974c04e8,-,YOKTUR,İşlem Görüyor
KUZEY BORU A.Ş.,https://www.kap.org.tr/tr/sirket-bilgileri/genel/8acae2c48b2fa259018c33b3ca910ba8,A,"A Pay Grubunun yönetim kurulu üyelerinin seçiminde aday gösterme, genel kurullarda oy oranında ve yönetim kurulu başkanının seçiminde imtiyazı bulunmaktadır.",İşlem Görmüyor
KUZUGRUP GAYRİMENKUL YATIRIM ORTAKLIĞI A.Ş.,https://www.kap.org.tr/tr/sirket-bilgileri/genel/8acae2c586d22c53018a02754e924a33,A,Yönetim kurulu üyelerinin seçiminde aday gösterme imtiyazı vardır.,İşlem Görmüyor
KÜTAHYA PORSELEN SANAYİ A.Ş.,https://www.kap.org.tr/tr/sirket-bilgileri/genel/4028e4a240f2ef4c014111cff01d0420,-,,İşlem Görüyor
KÜTAHYA ŞEKER FABRİKASI A.Ş.,https://www.kap.org.tr/tr/sirket-bilgileri/genel/8acae2c5794d3d66017a1e5a8bfb4e07,A,,İşlem Görmüyor
LDR TURİZM A.Ş.,https://www.kap.org.tr/tr/sirket-bilgileri/genel/8acae2c5570aaa2b0157be3a3ef749af,A,Yönetim kurulu üyelerinin yarısını aday gösterme imtiyazı bulunmaktadır.,İşlem Görmüyor
LİDER FAKTORİNG A.Ş.,https://www.kap.org.tr/tr/sirket-bilgileri/genel/4028e4a141da49ea0141dfe0d2732d48,A,Yönetim Kurulu üyelerinin yarıdan bir fazlasını seçme,İşlem Görmüyor
LİLA KAĞIT SANAYİ VE TİCARET A.Ş.,https://www.kap.org.tr/tr/sirket-bilgileri/genel/8acae2c48c3efac0018f193ab573372b,A,Yoktur,İşlem Görmüyor
LİMAK DOĞU ANADOLU ÇİMENTO SANAYİ VE TİCARET A.Ş.,https://www.kap.org.tr/tr/sirket-bilgileri/genel/8acae2c58b2fa64e018d8cfe461558d3,A,,
LİNK BİLGİSAYAR SİSTEMLERİ YAZILIMI VE DONANIMI SANAYİ VE TİCARET A.Ş.,https://www.kap.org.tr/tr/sirket-bilgileri/genel/4028e4a2422d9a6e01428f2d3d020b61,A,Oy hakkında ve yönetim kurulu üyelerinin aday gösterilmesinde imtiyazlı,İşlem Görmüyor
LOGO YAZILIM SANAYİ VE TİCARET A.Ş.,https://www.kap.org.tr/tr/sirket-bilgileri/genel/4028e4a14158e41e01415b41210a6e8c,A,Yönetim Kurulu'na aday gösterme,İşlem Görmüyor
LOKMAN HEKİM ENGÜRÜSAĞ SAĞLIK TURİZM EĞİTİM HİZMETLERİ VE İNŞAAT TAAHHÜT A.Ş.,https://www.kap.org.tr/tr/sirket-bilgileri/genel/4028e4a24158e42401415f1d4417412e,A,Yönetim Kurulu Üye Seçiminde,İşlem Görmüyor
LORAS HOLDİNG A.Ş.,https://www.kap.org.tr/tr/sirket-bilgileri/genel/4028e4a140f2ed7101411799cb9b02fc,A,İmtiyazlı(Oy Hakkı 1 Hisse 15 Oy),İşlem Görmüyor
LÜKS KADİFE TİCARET VE SANAYİİ A.Ş.,https://www.kap.org.tr/tr/sirket-bilgileri/genel/4028e4a140f2ed720140f31ed775014f,-,,İşlem Görüyor
MACKOLİK İNTERNET HİZMETLERİ TİCARET A.Ş.,https://www.kap.org.tr/tr/sirket-bilgileri/genel/8acae2c48304fe9e0183694124c82d0a,A,Yönetim Kurulu Üye Seçiminde Aday Gösterme İmtiyazı ve Genel Kurul Toplantılarında Oy Hakkı İmtiyazı,İşlem Görmüyor
MAKİM MAKİNA TEKNOLOJİLERİ SANAYİ VE TİCARET A.Ş.,https://www.kap.org.tr/tr/sirket-bilgileri/genel/8acae2c57f7cbb49017f977f7f190949,A,Yönetim Kuruluna Aday Göstermede ve Oyda İmtiyaz Vardır.,İşlem Görmüyor
MAKİNA TAKIM ENDÜSTRİSİ A.Ş.,https://www.kap.org.tr/tr/sirket-bilgileri/genel/4028e4a24158e42201415ad40fca5dd0,-,YOKTUR,İşlem Görüyor
MANAS ENERJİ YÖNETİMİ SANAYİ VE TİCARET A.Ş.,https://www.kap.org.tr/tr/sirket-bilgileri/genel/8acae2c5794d3d660179f09f7061388a,A,Oy Hakkı,İşlem Görmüyor
MARGÜN ENERJİ ÜRETİM SANAYİ VE TİCARET A.Ş.,https://www.kap.org.tr/tr/sirket-bilgileri/genel/8acae2c47afb298a017bf270b76b78f1,A,Genel Kurul toplantılarında A Grubu pay sahipleri bir paya karşılık 5 oy hakkına sahiptir.,İşlem Görmüyor
MARKA YATIRIM HOLDİNG A.Ş.,https://www.kap.org.tr/tr/sirket-bilgileri/genel/4028e4a140f2ed720141080991640264,A,OY,İşlem Görmüyor
MARMARİS ALTINYUNUS TURİSTİK TESİSLER A.Ş.,https://www.kap.org.tr/tr/sirket-bilgileri/genel/4028e4a140f2ed710141179bf0630308,-,YOK,İşlem Görüyor
MARSHALL BOYA VE VERNİK SANAYİİ A.Ş.,https://www.kap.org.tr/tr/sirket-bilgileri/genel/4028e4a140f2ed720140f325b12e0172,-,,İşlem Görüyor
MARTI GAYRİMENKUL YATIRIM ORTAKLIĞI A.Ş.,https://www.kap.org.tr/tr/sirket-bilgileri/genel/4028e4a1415f4d9b0141603d2b414108,A,Yönetim Kuruluna Aday Gösterme,İşlem Görmüyor
MARTI OTEL İŞLETMELERİ A.Ş.,https://www.kap.org.tr/tr/sirket-bilgileri/genel/4028e4a1415f4d9b0141603d6cec410f,A,İmtiyazlı,İşlem Görmüyor
MATRİKS BİLGİ DAĞITIM HİZMETLERİ A.Ş.,https://www.kap.org.tr/tr/sirket-bilgileri/genel/8acae2c575a1b5b60177de29c7177130,-,,İşlem Görüyor
MAVİ GİYİM SANAYİ VE TİCARET A.Ş.,https://www.kap.org.tr/tr/sirket-bilgileri/genel/4028e4a141733b5101417ea9aae11fec,A,VAR,İşlem Görmüyor
MAZHAR ZORLU HOLDİNG A.Ş.,https://www.kap.org.tr/tr/sirket-bilgileri/genel/4028e4a24158e42401415adbb0917e5e,A,,İşlem Görmüyor
MEDİTERA TIBBİ MALZEME SANAYİ VE TİCARET A.Ş.,https://www.kap.org.tr/tr/sirket-bilgileri/genel/8acae2c5794d3d6a017a1de13bf04ff2,A,İmtiyazlı,İşlem Görmüyor
MEGA METAL SANAYİ VE TİCARET A.Ş.,https://www.kap.org.tr/tr/sirket-bilgileri/genel/8acae2c5594ca644015964a5bef50e57,A,Oy hakkı imtiyazı ve yönetim kuruluna aday gösterme imtiyazı,İşlem Görmüyor
MEGA POLİETİLEN KÖPÜK SANAYİ VE TİCARET A.Ş.,https://www.kap.org.tr/tr/sirket-bilgileri/genel/4028e4a141e536460141ee602f162cdb,A,VAR,İşlem Görmüyor
MEKA BETON SANTRALLERİ İMALAT SANAYİ VE TİCARET A.Ş.,https://www.kap.org.tr/tr/sirket-bilgileri/genel/8acae2c586d22c51018adff79d0f2d15,A,A grubu paylarının yönetim kuruluna aday gösterme ve genel kurulda oy imtiyazı vardır. Her bir A grubu pay sahibine 5 oy imtiyazı vardır.,İşlem Görmüyor
MENDERES TEKSTİL SANAYİ VE TİCARET A.Ş.,https://www.kap.org.tr/tr/sirket-bilgileri/genel/4028e4a1422d986e01425bfb19b05165,A,Yönetim Kurulu üyelerinin seçiminde aday gösterme imtiyazı vardır.,İşlem Görmüyor
MEPET METRO PETROL VE TESİSLERİ SANAYİ TİCARET A.Ş.,https://www.kap.org.tr/tr/sirket-bilgileri/genel/4028e4a1416e696301416ea253f418ae,A,Yönetim Kurulu Üye Aday gösterme,İşlem Görmüyor
MERCAN KİMYA SANAYİ VE TİCARET A.Ş.,https://www.kap.org.tr/tr/sirket-bilgileri/genel/8acae2c4782a4d580178ee32b32864d5,A,,
MERİT TURİZM YATIRIM VE İŞLETME A.Ş.,https://www.kap.org.tr/tr/sirket-bilgileri/genel/4028e4a140f2ed7101412b9f84390347,A,Yönetim Kurulu Üyelerinin tam sayı ve çoğunluk oluşturacak biçimde yarıdan fazlası 5A Grubu pay sahiplerinin göstereceği adaylar arasından seçilir.,İşlem Görmüyor
MERKO GIDA SANAYİ VE TİCARET A.Ş.,https://www.kap.org.tr/tr/sirket-bilgileri/genel/4028e4a240f2ef4701412bf3fc980553,-,yok,İşlem Görüyor
METEMTUR YATIRIM ENERJİ TURİZM VE İNŞAAT A.Ş.,https://www.kap.org.tr/tr/sirket-bilgileri/genel/4028e4a240f2ef4c0140f2f8fdcd0002,-,,İşlem Görüyor
METRO TİCARİ VE MALİ YATIRIMLAR HOLDİNG A.Ş.,https://www.kap.org.tr/tr/sirket-bilgileri/genel/4028e4a1416e696301416e9a320e1649,-,Yok,İşlem Görüyor
METRO YATIRIM ORTAKLIĞI A.Ş.,https://www.kap.org.tr/tr/sirket-bilgileri/genel/4028e4a14158e41f01415b1cecc4619f,A,Yönetim kurulu üye seçiminde imtiyaz,İşlem Görmüyor
MHR GAYRİMENKUL YATIRIM ORTAKLIĞI A.Ş.,https://www.kap.org.tr/tr/sirket-bilgileri/genel/8acae2c486d22a3a018b03ad439129a9,A,Yönetim Kuruluna Aday Gösterme,İşlem Görmüyor
MİA TEKNOLOJİ A.Ş.,https://www.kap.org.tr/tr/sirket-bilgileri/genel/8acae2c47afb298a017cbcef284245ba,A,İMTİYAZLI,İşlem Görmüyor
MİGROS TİCARET A.Ş.,https://www.kap.org.tr/tr/sirket-bilgileri/genel/4028e4a141462df2014150162e1c3424,-,Yoktur,Seçim Yapınız
MİLPA TİCARİ VE SINAİ ÜRÜNLER PAZARLAMA SANAYİ VE TİCARET A.Ş.,https://www.kap.org.tr/tr/sirket-bilgileri/genel/4028e4a240f2ef4701411763ed38047c,-,-,İşlem Görüyor
MİSTRAL GAYRİMENKUL YATIRIM ORTAKLIĞI A.Ş.,https://www.kap.org.tr/tr/sirket-bilgileri/genel/8acae2c4540d444501545d374f8d070a,A,,İşlem Görmüyor
MLP SAĞLIK HİZMETLERİ A.Ş.,https://www.kap.org.tr/tr/sirket-bilgileri/genel/4028e4a1462cc5dd01465c9550782baa,A,VAR,İşlem Görmüyor
MMC SANAYİ VE TİCARİ YATIRIMLAR A.Ş.,https://www.kap.org.tr/tr/sirket-bilgileri/genel/4028e4a1415f4d99014160040b8e3137,A,Oy hakkı ve Yönetim Kurulu'na Aday Gösterme,İşlem Görmüyor
MOBİLTEL İLETİŞİM HİZMETLERİ SANAYİ VE TİCARET A.Ş.,https://www.kap.org.tr/tr/sirket-bilgileri/genel/8acae2c57afb2d70017d12c6d335669c,A,Yönetim Kurulu üyelerinin yarısını aday gösterme imtiyazına sahiptir.,İşlem Görmüyor
MOGAN ENERJİ YATIRIM HOLDİNG A.Ş.,https://www.kap.org.tr/tr/sirket-bilgileri/genel/8acae2c473646c5e0173e77f33b35138,A,OYDA İMTİYAZ,İşlem Görmüyor
MONDİ TURKEY OLUKLU MUKAVVA KAĞIT VE AMBALAJ SANAYİ A.Ş.,https://www.kap.org.tr/tr/sirket-bilgileri/genel/4028e4a24158e42201415ae7c0875fab,-,YOK,İşlem Görüyor
NASMED ÖZEL SAĞLIK HİZMETLERİ TİCARET A.Ş.,https://www.kap.org.tr/tr/sirket-bilgileri/genel/8acae2c4794d3648017a9fceecca0bad,A,,İşlem Görmüyor
NATUREL YENİLENEBİLİR ENERJİ TİCARET A.Ş.,https://www.kap.org.tr/tr/sirket-bilgileri/genel/8acae2c469cee2a2016bb6c259155c47,A,Genel Kurul toplantılarında A Grubu pay sahipleri bir paya karşılık 15 oy hakkına sahiptir.,İşlem Görmüyor
NATURELGAZ SANAYİ VE TİCARET A.Ş.,https://www.kap.org.tr/tr/sirket-bilgileri/genel/8acae2c4782a4d580178492e12820f4f,-,Yok,İşlem Görüyor
NET HOLDİNG A.Ş.,https://www.kap.org.tr/tr/sirket-bilgileri/genel/4028e4a140f2ed7101412ba0829f034d,A,Yönetim Kurulu Üyelerinin tam sayı ve çoğunluk oluşturacak biçimde yarıdan fazlası 14/A Grubu pay sahiplerinin göstereceği adaylar arasından seçilir.,İşlem Görmüyor
NETAŞ TELEKOMÜNİKASYON A.Ş.,https://www.kap.org.tr/tr/sirket-bilgileri/genel/4028e4a240f2ef47014111d7df220232,A,Genel Kurul Toplantısında Yönetim Kurulu aday gösterme,İşlem Görmüyor
NİĞBAŞ NİĞDE BETON SANAYİ VE TİCARET A.Ş.,https://www.kap.org.tr/tr/sirket-bilgileri/genel/4028e4a1413b7ef501413bc24123002f,-,Yoktur,İşlem Görüyor
NUH ÇİMENTO SANAYİ A.Ş.,https://www.kap.org.tr/tr/sirket-bilgileri/genel/4028e4a141558bdd014156053d9f04b2,-,Yoktur,İşlem Görüyor
NUROL GAYRİMENKUL YATIRIM ORTAKLIĞI A.Ş.,https://www.kap.org.tr/tr/sirket-bilgileri/genel/4028e4a1416e696301416f6100e76fb9,A,Yönetim Kuruluna Aday Gösterme,İşlem Görmüyor
OBA MAKARNACILIK SANAYİ VE TİCARET A.Ş.,https://www.kap.org.tr/tr/sirket-bilgileri/genel/8acae2c58b2fa64e018dc01d63686b27,A,,İşlem Görmüyor
OBASE BİLGİSAYAR VE DANIŞMANLIK HİZMETLERİ TİCARET A.Ş.,https://www.kap.org.tr/tr/sirket-bilgileri/genel/8acae2c57f7cbb49018050e4303b068b,A,Genel Kurul 5 oy,İşlem Görmüyor
ODAŞ ELEKTRİK ÜRETİM SANAYİ TİCARET A.Ş.,https://www.kap.org.tr/tr/sirket-bilgileri/genel/4028e4a2416e696c01416edd70713183,A,"(A) grubu paylar Şirket Esas Sözleşmenin 7, 8 ve 10?uncu maddeleri (Yönetim Kurulu, Yönetim Kuruluna Aday Gösterme, Başkan ve Başkan Vekili Seçilme, Şirketi Temsil ve Genel Kurulda Oy Hakkı) çerçevesinde yönetim kurulu üyelerinin belirlenmesi ve genel kurulda oy hakkı kullanımında imtiyaza sahiptir.",İşlem Görmüyor
ODİNE SOLUTİONS TEKNOLOJİ TİCARET VE SANAYİ A.Ş.,https://www.kap.org.tr/tr/sirket-bilgileri/genel/8acae2c58b2fa64e018e1cbdc7e02623,A,Yönetim kurulunda aday gösterme imtiyazı ve genel kurulda (her bir paya 5 (beş) oy hakkı veren) Oy imtiyazı bulunmaktadır,İşlem Görmüyor
OFİS YEM GIDA SANAYİ TİCARET A.Ş.,https://www.kap.org.tr/tr/sirket-bilgileri/genel/8acae2c586d22c510189bf5dfc710286,A,"A grubu pay sahiplerinin yönetim kurulu başkanını seçme, genel kurulda oy imtiyazı ve tasfiye memuru belirleme imtiyazı bulunmaktadır.",İşlem Görmüyor
ONCOSEM ONKOLOJİK SİSTEMLER SANAYİ VE TİCARET A.Ş.,https://www.kap.org.tr/tr/sirket-bilgileri/genel/8acae2c4812b870c018161f7cdde10f3,A,Yönetim kurulu üye seçiminde imtiyaz ve oy hakkı imtiyazı,İşlem Görmüyor
ONUR YÜKSEK TEKNOLOJİ A.Ş.,https://www.kap.org.tr/tr/sirket-bilgileri/genel/8acae2c58b2fa64e018f8540ca5f57d4,A,Oy hakkı imtiyazı ve yönetim kuruluna aday gösterme imtiyazı,İşlem Görmüyor
ORÇAY ORTAKÖY ÇAY SANAYİ VE TİCARET A.Ş.,https://www.kap.org.tr/tr/sirket-bilgileri/genel/8acae2c47afb298b017b5ea1d5ee3d78,A,İmtiyazlı,İşlem Görmüyor
ORGE ENERJİ ELEKTRİK TAAHHÜT A.Ş.,https://www.kap.org.tr/tr/sirket-bilgileri/genel/4028e4a140ee35c00140ee3971130009,-,Yoktur,İşlem Görüyor
ORMA ORMAN MAHSULLERİ İNTEGRE SANAYİ VE TİCARET A.Ş.,https://www.kap.org.tr/tr/sirket-bilgileri/genel/4028e4a240ee37a90140ee3cedbb0002,-,yok,İşlem Görüyor
OSMANLI YATIRIM MENKUL DEĞERLER A.Ş.,https://www.kap.org.tr/tr/sirket-bilgileri/genel/4028e4a240ee37a30140ee408ef80002,A,Yönetim kurulu üye seçiminde imtiyaz,İşlem Görmüyor
OSTİM ENDÜSTRİYEL YATIRIMLAR VE İŞLETME A.Ş.,https://www.kap.org.tr/tr/sirket-bilgileri/genel/4028e4a241462fd8014149e82fb004c5,A,Genel Kurul toplantılarında A Grubu pay sahipleri bir hisseye karşılık 15 oy hakkına sahiptir. A Grubu hisselerin oy kullanımındaki imtiyazı her bir gerçek ve tüzel kişi pay sahibinin sadece A Grubu hisse toplamının %40'ına kadar geçerlidir; bundan fazla A Grubu hisseye sahip olunması halinde fazla hisseler için imtiyaz geçersizdir.,İşlem Görmüyor
OTOKAR OTOMOTİV VE SAVUNMA SANAYİ A.Ş.,https://www.kap.org.tr/tr/sirket-bilgileri/genel/4028e4a140ee35c70140ee4316b3001d,-,Yok,İşlem Görüyor
OTTO HOLDİNG A.Ş.,https://www.kap.org.tr/tr/sirket-bilgileri/genel/4028e4a14203278a01420955fc5d14bd,-,YOKTUR,İşlem Görüyor
OYAK ÇİMENTO FABRİKALARI A.Ş.,https://www.kap.org.tr/tr/sirket-bilgileri/genel/4028e4a140f2ed720140f32377aa016c,-,,
OYAK YATIRIM MENKUL DEĞERLER A.Ş.,https://www.kap.org.tr/tr/sirket-bilgileri/genel/4028e4a14158e41f01415a5e854d4441,-,İMTİYAZLI DEĞİL,İşlem Görüyor
OYAK YATIRIM ORTAKLIĞI A.Ş.,https://www.kap.org.tr/tr/sirket-bilgileri/genel/4028e4a140ee35c70140ee4e93870038,A,İmtiyazlı,İşlem Görmüyor
OYLUM SINAİ YATIRIMLAR A.Ş.,https://www.kap.org.tr/tr/sirket-bilgileri/genel/4028e4a14184e9cf0141919d8abd1552,A,Oy ve Yönetim Kurulu Üye Seçimi İmztiyazı,İşlem Görmüyor
ÖZAK GAYRİMENKUL YATIRIM ORTAKLIĞI A.Ş.,https://www.kap.org.tr/tr/sirket-bilgileri/genel/4028e4a140f2ed720141079632d0024f,A,Yönetim kurulu üyelerinin seçiminde aday gösterme imtiyazı vardır. Yönetim kurulu üyelerinin 4 adedi A grubu pay sahiplerinin çoğunlukla göstereceği adaylar arasından olmak üzere genel kurul tarafından seçilir.,İşlem Görmüyor
ÖZDERİCİ GAYRİMENKUL YATIRIM ORTAKLIĞI A.Ş.,https://www.kap.org.tr/tr/sirket-bilgileri/genel/4028e4a140ee35c70140ee582a75003c,-,İmtiyazsız,İşlem Görüyor
ÖZERDEN AMBALAJ SANAYİ A.Ş.,https://www.kap.org.tr/tr/sirket-bilgileri/genel/1DE05DAA82D2073AE0530A4A622A2EBD,A,Yönetim Kurulu Üyelerinin seçiminde aday gösterme imtiyazı. Genel Kurul Toplantılarında Oy hakkı imtiyazı. Tasfiye kararı alınmasında ve tasfiye memurlarını gösterme imtiyazı vardır.,İşlem Görmüyor
ÖZSU BALIK ÜRETİM A.Ş.,https://www.kap.org.tr/tr/sirket-bilgileri/genel/8acae2c465a51c380166776d73784fba,A,"Yönetim kurulu üyelerinin seçiminde aday gösterme imtiyazı, genel kurul toplantılarında oy hakkı imtiyazı, tasfiye kararı alınmasında imtiyazı vardır.",İşlem Görmüyor
ÖZYAŞAR TEL VE GALVANİZLEME SANAYİ A.Ş.,https://www.kap.org.tr/tr/sirket-bilgileri/genel/8acae2c58b2fa64e018f853cd37d57cf,A,,
PAMEL YENİLENEBİLİR ELEKTRİK ÜRETİM A.Ş.,https://www.kap.org.tr/tr/sirket-bilgileri/genel/4028e4a246b4c5a90147f8ed32b0722f,A,Genel Kurulda 15 Oy Hakkı ve Yönetim Kurulu Üyelerinin Yarısını Aday Gösterme,İşlem Görmüyor
PANELSAN ÇATI CEPHE SİSTEMLERİ SANAYİ VE TİCARET A.Ş.,https://www.kap.org.tr/tr/sirket-bilgileri/genel/8acae2c47d3bee50017db95876e6220e,A,"yk temsil imtiyazı, genel kurul 5 oy hakkı, özellikli kararların alınmasında imtiyaz, esas sözleşme değişiklik imtiyazı, tasfiye kararı almada imtiyaz",İşlem Görmüyor
PANORA GAYRİMENKUL YATIRIM ORTAKLIĞI A.Ş.,https://www.kap.org.tr/tr/sirket-bilgileri/genel/4028e4a240f2ef4c014134d6641f062a,-,-,İşlem Görüyor
PAPİLON SAVUNMA TEKNOLOJİ VE TİCARET A.Ş.,https://www.kap.org.tr/tr/sirket-bilgileri/genel/8acae2c46e7fdc6a016e93286c5304b5,-,Bulunmamaktadır,İşlem Görüyor
PARDUS GİRİŞİM SERMAYESİ YATIRIM ORTAKLIĞI A.Ş.,https://www.kap.org.tr/tr/sirket-bilgileri/genel/8acae2c57afb2d71017bceb97170639d,A,Aday Gösterme İmtiyazı,İşlem Görmüyor
PARK ELEKTRİK ÜRETİM MADENCİLİK SANAYİ VE TİCARET A.Ş.,https://www.kap.org.tr/tr/sirket-bilgileri/genel/4028e4a141da49ea0141e45622e54843,A,Yönetim Kurulu üyesi aday gösterme,İşlem Görmüyor
PARSAN MAKİNA PARÇALARI SANAYİİ A.Ş.,https://www.kap.org.tr/tr/sirket-bilgileri/genel/4028e4a140ee84900140f1ecef250011,-,YOK,İşlem Görüyor
PASİFİK DONANIM VE YAZILIM BİLGİ TEKNOLOJİLERİ A.Ş.,https://www.kap.org.tr/tr/sirket-bilgileri/genel/8acae2c58b2fa64e018d63b9afbd4e6c,A,Oy imtiyazı,İşlem Görmüyor
PASİFİK EURASİA LOJİSTİK DIŞ TİCARET A.Ş.,https://www.kap.org.tr/tr/sirket-bilgileri/genel/8acae2c586d22c5101887ae575873835,A,Yönetim Kurulu belirlenmesi ve oy hakkı,İşlem Görmüyor
PASİFİK GAYRİMENKUL YATIRIM ORTAKLIĞI A.Ş.,https://www.kap.org.tr/tr/sirket-bilgileri/genel/8acae2c4794d364a017a51e9e5d256c9,A,Yönetim kurulu üyelerinin seçiminde aday gösterme imtiyazı,İşlem Görmüyor
PC İLETİŞİM VE MEDYA HİZMETLERİ SANAYİ TİCARET A.Ş.,https://www.kap.org.tr/tr/sirket-bilgileri/genel/8acae2c5782a4e6d017844c378070abd,A,Yönetime Aday Gösterme ve Genel kurulda oy imtiyazı,İşlem Görmüyor
PEGASUS HAVA TAŞIMACILIĞI A.Ş.,https://www.kap.org.tr/tr/sirket-bilgileri/genel/4028e4a2422d9a78014232e751bc22a4,-,Yok,İşlem Görüyor
PEKER GAYRİMENKUL YATIRIM ORTAKLIĞI A.Ş.,https://www.kap.org.tr/tr/sirket-bilgileri/genel/8acae2c55fc6011001617acbeb1b48da,A,Yönetim Kurulu Seçim imtiyazı,İşlem Görmüyor
PENGUEN GIDA SANAYİ A.Ş.,https://www.kap.org.tr/tr/sirket-bilgileri/genel/4028e4a246b4c5a9014836bd56174fe9,A,Yönetim kurulu üyeleri yarıdan bir fazlasını aday gösterme,İşlem Görmüyor
PENTA TEKNOLOJİ ÜRÜNLERİ DAĞITIM TİCARET A.Ş.,https://www.kap.org.tr/tr/sirket-bilgileri/genel/4028e4a14184e9c9014198033c094251,A,,
PERA YATIRIM HOLDİNG A.Ş.,https://www.kap.org.tr/tr/sirket-bilgileri/genel/4028e4a240ee866c0140f1f6699e0018,-,,İşlem Görüyor
PERGAMON STATUS DIŞ TİCARET A.Ş.,https://www.kap.org.tr/tr/sirket-bilgileri/genel/1DE05DAA8399073AE0530A4A622A2EBD,A,Genel Kurulda Oy ve Yönetim Kurulu Aday Gösterme İmtiyazı,İşlem Görmüyor
PETKİM PETROKİMYA HOLDİNG A.Ş.,https://www.kap.org.tr/tr/sirket-bilgileri/genel/4028e4a240f2ef470141165c566a03e4,A,YOK,İşlem Görüyor
PETROKENT TURİZM A.Ş.,https://www.kap.org.tr/tr/sirket-bilgileri/genel/4028e4a140f2ed72014106c1df9a021f,-,,Seçim Yapınız
PINAR ENTEGRE ET VE UN SANAYİİ A.Ş.,https://www.kap.org.tr/tr/sirket-bilgileri/genel/4028e4a240ee866c0140f1f7b3990027,A,Yönetim Kurulu Üye Seçiminde ve Oy Hakkında,İşlem Görmüyor
PINAR SU VE İÇECEK SANAYİ VE TİCARET A.Ş.,https://www.kap.org.tr/tr/sirket-bilgileri/genel/4028e4a240ee866c0140f1f8c01a003e,-,YOKTUR,İşlem Görüyor
PINAR SÜT MAMULLERİ SANAYİİ A.Ş.,https://www.kap.org.tr/tr/sirket-bilgileri/genel/4028e4a240ee866c0140f1f97e530042,A,Yönetim Kurulu Üye Seçimi,İşlem Görmüyor
PLASTİKKART AKILLI KART İLETİŞİM SİSTEMLERİ SANAYİ VE TİCARET A.Ş.,https://www.kap.org.tr/tr/sirket-bilgileri/genel/4028e4a24184e9e501419d8dd26e7538,A,Oy,İşlem Görmüyor
PLATFORM TURİZM TAŞIMACILIK GIDA İNŞAAT TEMİZLİK HİZMETLERİ SANAYİ VE TİCARET A.Ş.,https://www.kap.org.tr/tr/sirket-bilgileri/genel/4028e4a2422d9a7801427038d3fc1e11,A,1 pay 5 (beş) oy hakkına ve Şirket yönetim kurulu üyelerinin yarısı A grubu pay sahiplerinin göstereceği adaylar arasından seçilir.,İşlem Görmüyor
POLİSAN HOLDİNG A.Ş.,https://www.kap.org.tr/tr/sirket-bilgileri/genel/4028e4a241733d4a01417414a27127d7,-,Yok,İşlem Görüyor
POLİTEKNİK METAL SANAYİ VE TİCARET A.Ş.,https://www.kap.org.tr/tr/sirket-bilgileri/genel/4028e4a246b4c5a90147fcd473d37f85,A,İmtiyazlı,İşlem Görmüyor
PRİZMA PRES MATBAACILIK YAYINCILIK SANAYİ VE TİCARET A.Ş.,https://www.kap.org.tr/tr/sirket-bilgileri/genel/4028e4a2415f4f8401415ff644c5341c,A,Oyda İmtiyaz Vardır,İşlem Görmüyor
QNB FİNANS FİNANSAL KİRALAMA A.Ş.,https://www.kap.org.tr/tr/sirket-bilgileri/genel/4028e4a140f2ed7201410821418e027d,-,Yoktur,İşlem Görüyor
QNB FİNANSBANK A.Ş.,https://www.kap.org.tr/tr/sirket-bilgileri/genel/4028e4a240e95dc90140ee076f400178,-,YOKTUR,İşlem Görüyor
QUA GRANITE HAYAL YAPI VE ÜRÜNLERİ SANAYİ TİCARET A.Ş.,https://www.kap.org.tr/tr/sirket-bilgileri/genel/8acae2c469cee2a4016b1c1dc11f2b03,A,İmtiyazlı,İşlem Görmüyor
RAİNBOW POLİKARBONAT SANAYİ TİCARET A.Ş.,https://www.kap.org.tr/tr/sirket-bilgileri/genel/8acae2c47afb298b017bcfa8c4e96550,A,VAR,İşlem Görmüyor
RAL YATIRIM HOLDİNG A.Ş.,https://www.kap.org.tr/tr/sirket-bilgileri/genel/4028e4a240f2ef4c0141029be169015f,A,Yönetim Kuruluna Aday Gösterme İmtiyazı Bulunmaktadır.,İşlem Görmüyor
RAY SİGORTA A.Ş.,https://www.kap.org.tr/tr/sirket-bilgileri/genel/4028e4a241733d4201417ddf67f8288c,-,Yoktur,İşlem Görüyor
REEDER TEKNOLOJİ SANAYİ VE TİCARET A.Ş.,https://www.kap.org.tr/tr/sirket-bilgileri/genel/8acae2c586d22c53018a73739d9104a8,A,,
REYSAŞ GAYRİMENKUL YATIRIM ORTAKLIĞI A.Ş.,https://www.kap.org.tr/tr/sirket-bilgileri/genel/4028e4a140ee847b0140f20278c00023,A,Yönetim Kurulu Seçimi,İşlem Görmüyor
REYSAŞ TAŞIMACILIK VE LOJİSTİK TİCARET A.Ş.,https://www.kap.org.tr/tr/sirket-bilgileri/genel/4028e4a140ee847b0140f203980d0030,A,Yönetim Kurulu Seçimi,İşlem Görmüyor
RODRİGO TEKSTİL SANAYİ VE TİCARET A.Ş.,https://www.kap.org.tr/tr/sirket-bilgileri/genel/4028e4a241e538ab0141ef77414543c5,A,,İşlem Görmüyor
ROYAL HALI İPLİK TEKSTİL MOBİLYA SANAYİ VE TİCARET A.Ş.,https://www.kap.org.tr/tr/sirket-bilgileri/genel/4028e4a2416e696c01416f75fb677481,A,İmtiyazlı,İşlem Görmüyor
RÖNESANS GAYRİMENKUL YATIRIM A.Ş.,https://www.kap.org.tr/tr/sirket-bilgileri/genel/4028e4a241b612d80141d9a52e2a2727,A,,İşlem Görmüyor
RTA LABORATUVARLARI BİYOLOJİK ÜRÜNLER İLAÇ VE MAKİNE SANAYİ TİCARET A.Ş.,https://www.kap.org.tr/tr/sirket-bilgileri/genel/4028e4a2486ec9ba0148c19eb7eb1933,A,Oy İmtiyazı,İşlem Görmüyor
RUBENİS TEKSTİL SANAYİ TİCARET A.Ş.,https://www.kap.org.tr/tr/sirket-bilgileri/genel/8acae2c47d3bee50017d8f777c171313,A,İmtiyazlı,İşlem Görmüyor
SAFKAR EGE SOĞUTMACILIK KLİMA SOĞUK HAVA TESİSLERİ İHRACAT İTHALAT SANAYİ VE TİCARET A.Ş.,https://www.kap.org.tr/tr/sirket-bilgileri/genel/8acae2c55fc6011101602fcafb57255a,A,"Yönetim Kurulu üyelerinin seçiminde aday gösterme imtiyazı, Genel Kurul toplantılarında oy hakkı imtiyazı, tasfiye kararı alınmasında ve tasfiye memurlarının seçiminde imtiyazı vardır.",İşlem Görmüyor
SAN-EL MÜHENDİSLİK ELEKTRİK TAAHHÜT SANAYİ VE TİCARET A.Ş.,https://www.kap.org.tr/tr/sirket-bilgileri/genel/4028e4a143371eea0143532e82ac510b,A,İmtiyazlı,İşlem Görmüyor
SANİCA ISI SANAYİ A.Ş.,https://www.kap.org.tr/tr/sirket-bilgileri/genel/8acae2c5830502c20183cb8491655a67,A,Yönetim Kurulu Üye Seçimi-Genel Kurul Oy İmtiyazı,İşlem Görmüyor
SANİFOAM ENDÜSTRİ VE TÜKETİM ÜRÜNLERİ SANAYİ TİCARET A.Ş.,https://www.kap.org.tr/tr/sirket-bilgileri/genel/4028e4a141733b560141741ee61b25bd,A,YÖNETİM KURULU ÜYESİ SEÇİMİ VE OYDA İMTİYAZ,İşlem Görmüyor
SANKO PAZARLAMA İTHALAT İHRACAT A.Ş.,https://www.kap.org.tr/tr/sirket-bilgileri/genel/4028e4a242140a92014223b5b91333e8,A,Oy Hakkı /Yönetim Kuruluna Aday Gösterme ve Seçme,İşlem Görmüyor
SARAY MATBAACILIK KAĞITÇILIK KIRTASİYECİLİK TİCARET VE SANAYİ A.Ş.,https://www.kap.org.tr/tr/sirket-bilgileri/genel/4028e4a1415f4d9b01415fde1bcc2fce,A,OY HAKKINDA İMTİYAZ VARDIR,İşlem Görmüyor
SARKUYSAN ELEKTROLİTİK BAKIR SANAYİ VE TİCARET A.Ş.,https://www.kap.org.tr/tr/sirket-bilgileri/genel/4028e4a140f2ed7101410294f924012d,A,Yönetim Kurulu Aday TEspitinde İmtiyaz,İşlem Görmüyor
SASA POLYESTER SANAYİ A.Ş.,https://www.kap.org.tr/tr/sirket-bilgileri/genel/4028e4a240ee866c0140f20abd9500cc,-,Yok,İşlem Görüyor
SAY YENİLENEBİLİR ENERJİ EKİPMANLARI SANAYİ VE TİCARET A.Ş.,https://www.kap.org.tr/tr/sirket-bilgileri/genel/4028e4a1415f4d9901416000c2de30f0,A,VAR,İşlem Görmüyor
SDT UZAY VE SAVUNMA TEKNOLOJİLERİ A.Ş.,https://www.kap.org.tr/tr/sirket-bilgileri/genel/8acae2c48304fe9e0183ac70038e4941,A,Oyda İmtiyaz/Yönetim Kurulu Üyesi Aday Göstermede İmtiyaz,İşlem Görmüyor
SEĞMEN KARDEŞLER GIDA ÜRETİM VE AMBALAJ SANAYİ A.Ş.,https://www.kap.org.tr/tr/sirket-bilgileri/genel/8acae2c48c3efabf019017378c962a6d,A,Genel Kurul toplantılarında her bir A grubu pay sahibine 5 oy hakkı ve Yönetim Kurulu üyeliğine aday gösterme.,İşlem Görmüyor
SEKURO PLASTİK AMBALAJ SANAYİ A.Ş.,https://www.kap.org.tr/tr/sirket-bilgileri/genel/1DE05DAA83C4073AE0530A4A622A2EBD,-,İmtiyazsız,İşlem Görüyor
SELÇUK ECZA DEPOSU TİCARET VE SANAYİ A.Ş.,https://www.kap.org.tr/tr/sirket-bilgileri/genel/4028e4a2416e697d01416ec00e101dce,A,İmtiyazlı,İşlem Görmüyor
SELÇUK GIDA ENDÜSTRİ İHRACAT İTHALAT A.Ş.,https://www.kap.org.tr/tr/sirket-bilgileri/genel/4028e4a141733b51014173e7419c13f1,A,VAR,İşlem Görmüyor
SELVA GIDA SANAYİ A.Ş.,https://www.kap.org.tr/tr/sirket-bilgileri/genel/8acae2c5794d3d6a0179fb3f31d744cd,A,A Grubu paylar Ana Sözleşme'nin 7. ve 15. maddeleri çerçevesinde Yönetim Kurulu üyelerinin belirlenmesi ve oy hakkı kullanımında imtiyaza sahiptir. İmtiyazlı (Oy Hakkı 1 hisse 5 Oy),İşlem Görmüyor
SENKRON SİBER GÜVENLİK YAZILIM VE BİLİŞİM ÇÖZÜMLERİ A.Ş.,https://www.kap.org.tr/tr/sirket-bilgileri/genel/402821824bf524dd014c27907cd65b79,A,GENEL KURULDA OY VE YÖNETİM KURULUNA ADAY GÖSTERME İMTİYAZI,İşlem Görmüyor
SERVET GAYRİMENKUL YATIRIM ORTAKLIĞI A.Ş.,https://www.kap.org.tr/tr/sirket-bilgileri/genel/4028e4a1416e696501416f80a3377c4b,A,Yönetim Kurulu Üye Seçiminde Aday Gösterme İmtiyazı,İşlem Görmüyor
SEYİTLER KİMYA SANAYİ A.Ş.,https://www.kap.org.tr/tr/sirket-bilgileri/genel/402821824da3aa97014f16c428d14bcf,A GRUBU,Yönetim Kurulu Üyelerinin seçiminde aday gösterme imtiyazı. Genel Kurul Toplantılarında Oy hakkı imtiyazı. Tasfiye kararı alınmasında ve tasfiye memurlarını gösterme imtiyazı vardır.,İşlem Görmüyor
SİLVERLİNE ENDÜSTRİ VE TİCARET A.Ş.,https://www.kap.org.tr/tr/sirket-bilgileri/genel/4028e4a243dd5e8f01440734fd5613db,A,OY HAKKI,İşlem Görmüyor
SİNPAŞ GAYRİMENKUL YATIRIM ORTAKLIĞI A.Ş.,https://www.kap.org.tr/tr/sirket-bilgileri/genel/4028e4a14184e9cf01419c0168dd5a87,A,Yönetim Kurulu'na aday gösterme,İşlem Görmüyor
SKYALP FİNANSAL TEKNOLOJİLER VE DANIŞMANLIK A.Ş.,https://www.kap.org.tr/tr/sirket-bilgileri/genel/4028e4a1415f4d9b01415ff295793adc,A,VAR,İşlem Görmüyor
SMART GÜNEŞ ENERJİSİ TEKNOLOJİLERİ ARAŞTIRMA GELİŞTİRME ÜRETİM SANAYİ VE TİCARET A.Ş.,https://www.kap.org.tr/tr/sirket-bilgileri/genel/8acae2c47d3bee4e017f49ce882e7b01,A,Oy imtiyazı,İşlem Görmüyor
SMARTİKS YAZILIM A.Ş.,https://www.kap.org.tr/tr/sirket-bilgileri/genel/8acae2c569cee403016a6d8db5035804,A,Genel Kurulda 15 oy hakkı,İşlem Görmüyor
SODAŞ SODYUM SANAYİİ A.Ş.,https://www.kap.org.tr/tr/sirket-bilgileri/genel/4028e4a140f2ed7201412ad04fdc071d,A,"1.YNT.KRL.SEÇİMİ:Yönetim Kurulunun çoğunluğu ""A"" grubu pay sahiplerinin göstereceği adaylar arasından seçilmektedir. 2.OY KULLANMA: Genel Kurul toplantılarında hazır bulunan ""A"" grubu pay sahiplerinin her bir oyu 10 (on) oy olarak sayılmaktadır. 3.KAR DAĞITIMI:Dağıtılabilir kar matrahının %10'u ""A"" grubu pay sahiplerine dağıtılır",İşlem Görmüyor
SÖKE DEĞİRMENCİLİK SANAYİ VE TİCARET A.Ş.,https://www.kap.org.tr/tr/sirket-bilgileri/genel/8acae2c552495f640152d616d67a0b95,A,Yönetim Kuruluna Aday Gösterme,İşlem Görmüyor
SÖKTAŞ TEKSTİL SANAYİ VE TİCARET A.Ş.,https://www.kap.org.tr/tr/sirket-bilgileri/genel/4028e4a140f275530140f27bc043017d,A,Kar Payı İmtiyazı,İşlem Görmüyor
SÖNMEZ FİLAMENT SENTETİK İPLİK VE ELYAF SANAYİ A.Ş.,https://www.kap.org.tr/tr/sirket-bilgileri/genel/4028e4a240f2ef4c01412ad6196104d2,-,,
SÖNMEZ PAMUKLU SANAYİİ A.Ş.,https://www.kap.org.tr/tr/sirket-bilgileri/genel/4028e4a240f2ef4c01412ad919a504dd,-,,
SUMAŞ SUNİ TAHTA VE MOBİLYA SANAYİ A.Ş.,https://www.kap.org.tr/tr/sirket-bilgileri/genel/4028e4a141e536460141ea4aa4271f3b,-,yok,İşlem Görüyor
SUN TEKSTİL SANAYİ VE TİCARET A.Ş.,https://www.kap.org.tr/tr/sirket-bilgileri/genel/8acae2c47f7cb4920180234f4d1064b4,A,"A grubu paylar, Şirket esas sözleşmenin 8. maddesi uyarınca yönetim kurulu üyelerinin seçiminde ve 12. maddesi uyarınca genel kurulda oy hakkında (5 Oy) imtiyaza sahiptir.",İşlem Görmüyor
SUR TATİL EVLERİ GAYRİMENKUL YATIRIM ORTAKLIĞI A.Ş.,https://www.kap.org.tr/tr/sirket-bilgileri/genel/8acae2c48b2fa25a018c33a0808a03b0,A,Yönetim Kurulu Üyesi Seçimi,İşlem Görmüyor
SUWEN TEKSTİL SANAYİ PAZARLAMA A.Ş.,https://www.kap.org.tr/tr/sirket-bilgileri/genel/8acae2c47902e75601792308abd41e4a,A,İmtiyazlı,İşlem Görmüyor
ŞEKER FİNANSAL KİRALAMA A.Ş.,https://www.kap.org.tr/tr/sirket-bilgileri/genel/4028e4a141e536460141e92af0291568,-,-,
ŞEKER GAYRİMENKUL YATIRIM ORTAKLIĞI A.Ş.,https://www.kap.org.tr/tr/sirket-bilgileri/genel/8acae2c56faf888c01718864329b7097,-,,
ŞEKER YATIRIM MENKUL DEĞERLER A.Ş.,https://www.kap.org.tr/tr/sirket-bilgileri/genel/4028e4a241a25fcb0141a7c4a064241c,-,Yok,İşlem Görüyor
ŞEKERBANK T.A.Ş.,https://www.kap.org.tr/tr/sirket-bilgileri/genel/4028e4a240f2ef4c01412adc8fba04ee,-,Yok,İşlem Görüyor
ŞOK MARKETLER TİCARET A.Ş.,https://www.kap.org.tr/tr/sirket-bilgileri/genel/4028e4a14184e9c9014198095f4442bf,ODAK,,
TAB GIDA SANAYİ VE TİCARET A.Ş.,https://www.kap.org.tr/tr/sirket-bilgileri/genel/4028e4a141e536460141e5aa84740938,A,"Yönetim Kurulu'na aday gösterme imtiyazı, oy imtiyazı",İşlem Görmüyor
TAPDİ OKSİJEN ÖZEL SAĞLIK VE EĞİTİM HİZMETLERİ SANAYİ TİCARET A.Ş.,https://www.kap.org.tr/tr/sirket-bilgileri/genel/8acae2c575a1b5b601773e8cc29d0b24,A,İmtiyazlı,İşlem Görmüyor
TARKİM BİTKİ KORUMA SANAYİ VE TİCARET A.Ş.,https://www.kap.org.tr/tr/sirket-bilgileri/genel/8acae2c56eccfc0c016fae44264f6323,-,,
TAT GIDA SANAYİ A.Ş.,https://www.kap.org.tr/tr/sirket-bilgileri/genel/4028e4a140f2ed720140f31089aa010a,-,Yok,İşlem Görüyor
TATLIPINAR ENERJİ ÜRETİM A.Ş.,https://www.kap.org.tr/tr/sirket-bilgileri/genel/8acae2c586d22c510189bf5827490281,A,Oy hakkı imtiyazı ve yönetim kuruluna aday gösterme imtiyazı,İşlem Görmüyor
TAV HAVALİMANLARI HOLDİNG A.Ş.,https://www.kap.org.tr/tr/sirket-bilgileri/genel/4028e4a140f2ed720140f31195ef010e,-,Yok,İşlem Görüyor
TEK-ART İNŞAAT TİCARET TURİZM SANAYİ VE YATIRIMLAR A.Ş.,https://www.kap.org.tr/tr/sirket-bilgileri/genel/4028e4a1416e696301416effc1a04330,-,,
TEKFEN HOLDİNG A.Ş.,https://www.kap.org.tr/tr/sirket-bilgileri/genel/4028e4a140f2ed720140f31367840112,-,Yoktur,İşlem Görüyor
TEKNOSA İÇ VE DIŞ TİCARET A.Ş.,https://www.kap.org.tr/tr/sirket-bilgileri/genel/4028e4a240f2ef470140f31ac6aa006f,-,Yoktur.,İşlem Görüyor
TEMAPOL POLİMER PLASTİK VE İNŞAAT SANAYİ TİCARET A.Ş.,https://www.kap.org.tr/tr/sirket-bilgileri/genel/4028e4a246b4c5ad0148319a4a87518f,A,İZMTİYAZ VAR,Seçim Yapınız
TERA YATIRIM MENKUL DEĞERLER A.Ş.,https://www.kap.org.tr/tr/sirket-bilgileri/genel/4028e4a141733b56014178115f7e51e7,A,Yönetim Kurulu Üyelerinin belirlenmesi ve Oy Hakkı kullanımında imtiyaz,İşlem Görmüyor
TETAMAT GIDA YATIRIMLARI A.Ş.,https://www.kap.org.tr/tr/sirket-bilgileri/genel/4028e4a241a25fcb0141a7c3f3302405,A,İmtiyazlı,İşlem Görmüyor
TGS DIŞ TİCARET A.Ş.,https://www.kap.org.tr/tr/sirket-bilgileri/genel/4028e4a140f2ed710140f3255bea009c,A,15 OY HAKKI,İşlem Görmüyor
TOFAŞ TÜRK OTOMOBİL FABRİKASI A.Ş.,https://www.kap.org.tr/tr/sirket-bilgileri/genel/4028e4a140f2ed710140f328bed700a5,A,Yönetim Kurulu İmtiyazı,İşlem Görmüyor
TORUNLAR GAYRİMENKUL YATIRIM ORTAKLIĞI A.Ş.,https://www.kap.org.tr/tr/sirket-bilgileri/genel/4028e4a1413b7ef5014144f83882011f,A,Yönetim Kurulu'na aday gösterme,İşlem Görmüyor
TRABZON LİMAN İŞLETMECİLİĞİ A.Ş.,https://www.kap.org.tr/tr/sirket-bilgileri/genel/8acae2c45fc5ff9d0160e9391f3b05a4,A,1 pay 15 (onbeş) oy hakkına  sahiptir.,İşlem Görmüyor
TRABZONSPOR SPORTİF YATIRIM VE FUTBOL İŞLETMECİLİĞİ TİCARET A.Ş.,https://www.kap.org.tr/tr/sirket-bilgileri/genel/4028e4a141da49e50141e0852f272b80,A,YÖNETİM KURULU ÜYELERİ (A) GRUBU PAY SAHİBİNİN GÖSTERECEĞİ ADAYLAR ARASINDAN SEÇİLİR.,İşlem Görmüyor
TREND GAYRİMENKUL YATIRIM ORTAKLIĞI A.Ş.,https://www.kap.org.tr/tr/sirket-bilgileri/genel/8acae2c45fc5ff9d01613299f17a2065,A,YÖNETİM KURULUNA ADAY GÖSTERME,İşlem Görmüyor
TSKB GAYRİMENKUL YATIRIM ORTAKLIĞI A.Ş.,https://www.kap.org.tr/tr/sirket-bilgileri/genel/4028e4a240f2ef470140f37174c600a7,A,Yönetim İmtiyazı,İşlem Görmüyor
TUĞÇELİK ALÜMİNYUM VE METAL MAMÜLLERİ SANAYİ VE TİCARET A.Ş.,https://www.kap.org.tr/tr/sirket-bilgileri/genel/4028e4a146b4c4110147f3bb4e795ce5,A,YÖNETİM KURULU SEÇİMİNDE İMTİYAZ VE OY İMTİYAZI,İşlem Görmüyor
TUKAŞ GIDA SANAYİ VE TİCARET A.Ş.,https://www.kap.org.tr/tr/sirket-bilgileri/genel/4028e4a240f2ef470140f373b77f00ac,-,-,İşlem Görüyor
TURCAS PETROL A.Ş.,https://www.kap.org.tr/tr/sirket-bilgileri/genel/4028e4a1415f4d9b01416005c65d3d53,A,İmtiyazsız,İşlem Görüyor
TUREKS TURİZM TAŞIMACILIK A.Ş.,https://www.kap.org.tr/tr/sirket-bilgileri/genel/402821824bf524dd014d7babc2134829,A,İmtiyazlı,İşlem Görmüyor
TUREKS TURUNÇ MADENCİLİK İÇ VE DIŞ TİCARET A.Ş.,https://www.kap.org.tr/tr/sirket-bilgileri/genel/8acae2c45835eb6501593a986e7e57f7,A,,İşlem Görmüyor
TURK İLAÇ VE SERUM SANAYİ A.Ş.,https://www.kap.org.tr/tr/sirket-bilgileri/genel/8acae2c575a1b5b601773ec6c0030b66,A,Genel Kurulda oy imtiyazı 1'e 5 oranında; Yönetim kurulunda aday gösterme imtiyazı bulunmaktadır.,İşlem Görmüyor
TURKCELL İLETİŞİM HİZMETLERİ A.Ş.,https://www.kap.org.tr/tr/sirket-bilgileri/genel/4028e4a1486ec80a0148c55510d71d31,A,"Yönetim Kurulu Üyelerinin Seçimine İlişkin Aday Gösterme İmtiyazı, Oyda İmtiyaz",İşlem Görmüyor
TÜMOSAN MOTOR VE TRAKTÖR SANAYİ A.Ş.,https://www.kap.org.tr/tr/sirket-bilgileri/genel/4028e4a141e536460141e53904b50025,A,"1 pay 15 (onbeş) oy hakkına ve 
Yönetim Kurulu üye seçiminde imtiyaza sahiptir.",İşlem Görmüyor
TÜPRAŞ-TÜRKİYE PETROL RAFİNERİLERİ A.Ş.,https://www.kap.org.tr/tr/sirket-bilgileri/genel/4028e4a140f2ed720140f37f139c01bc,A,,İşlem Görüyor
TÜRK HAVA YOLLARI A.O.,https://www.kap.org.tr/tr/sirket-bilgileri/genel/4028e4a140f2ed720140f376bebb01a7,A,,İşlem Görüyor
TÜRK PRYSMİAN KABLO VE SİSTEMLERİ A.Ş.,https://www.kap.org.tr/tr/sirket-bilgileri/genel/4028e4a240f2ef470141167b777b0437,-,YOK,İşlem Görüyor
TÜRK TELEKOMÜNİKASYON A.Ş.,https://www.kap.org.tr/tr/sirket-bilgileri/genel/4028e4a241e538ab0141ea9c96912c8b,A,Yönetim ve Denetim Kurulu Üyeliğine Aday gösterme hakkına haiz,İşlem Görmüyor
TÜRK TRAKTÖR VE ZİRAAT MAKİNELERİ A.Ş.,https://www.kap.org.tr/tr/sirket-bilgileri/genel/4028e4a140f2ed720140f3790d6a01ad,A,yönetim,İşlem Görmüyor
TÜRK TUBORG BİRA VE MALT SANAYİİ A.Ş.,https://www.kap.org.tr/tr/sirket-bilgileri/genel/4028e4a140f2ed720140f37b033601b2,-,YOKTUR,İşlem Görüyor
TÜRKER PROJE GAYRİMENKUL VE YATIRIM GELİŞTİRME A.Ş.,https://www.kap.org.tr/tr/sirket-bilgileri/genel/4028e4a140f2ed720140f3440383018e,-,YOK,İşlem Görüyor
TÜRKİYE GARANTİ BANKASI A.Ş.,https://www.kap.org.tr/tr/sirket-bilgileri/genel/4028e4a140f2ed720140f37cb2a601b7,-,yok,İşlem Görüyor
TÜRKİYE HALK BANKASI A.Ş.,https://www.kap.org.tr/tr/sirket-bilgileri/genel/1DE05DAA82C3073AE0530A4A622A2EBD,-,Yoktur,İşlem Görüyor
TÜRKİYE İŞ BANKASI A.Ş.,https://www.kap.org.tr/tr/sirket-bilgileri/genel/4028e4a140f2ed7201411682b0cb05c6,A,"Olağanüstü yedek akçelerden veya yasalara göre yapılacak değerlendirmelerden oluşacak kaynaklardan verilecek bedelsiz pay alımında 20 kat pay alımı, rüçhan hakkı kullanımında 20 kat hak kullanımı ve tasfiye işlemlerine ilişkin imtiyazı mevcuttur. Ayrıca, kar dağıtımında da imtiyazları bulunmaktadır.",İşlem Görüyor
TÜRKİYE KALKINMA VE YATIRIM BANKASI A.Ş.,https://www.kap.org.tr/tr/sirket-bilgileri/genel/4028e4a14158e41e01415b2dc3476cf4,-,İmtiyaz Bulunmuyor,İşlem Görüyor
TÜRKİYE SINAİ KALKINMA BANKASI A.Ş.,https://www.kap.org.tr/tr/sirket-bilgileri/genel/4028e4a140f2ed710140f3831c6300fd,-,İmtiyazsız,İşlem Görüyor
TÜRKİYE SİGORTA A.Ş.,https://www.kap.org.tr/tr/sirket-bilgileri/genel/4028e4a140e95be70140ee2f466d0159,-,Yok,İşlem Görüyor
TÜRKİYE ŞİŞE VE CAM FABRİKALARI A.Ş.,https://www.kap.org.tr/tr/sirket-bilgileri/genel/4028e4a140f2ed710140f385d5690102,-,-,İşlem Görüyor
TÜRKİYE VAKIFLAR BANKASI T.A.O.,https://www.kap.org.tr/tr/sirket-bilgileri/genel/4028e4a1415f4d9b01415fe3340f36e4,A,Yönetim Kuruluna Aday Gösterme,İşlem Görmüyor
UFUK YATIRIM YÖNETİM VE GAYRİMENKUL A.Ş.,https://www.kap.org.tr/tr/sirket-bilgileri/genel/4028e4a24158e42201415afe28e760a4,-,,
ULAŞLAR TURİZM ENERJİ TARIM GIDA VE İNŞAAT YATIRIMLARI A.Ş.,https://www.kap.org.tr/tr/sirket-bilgileri/genel/4028e4a240f2ef4c0140f38adfa1008d,A,Yönetim kurulu üye seçiminde aday gösterme(3/8),İşlem Görmüyor
ULUSAL FAKTORİNG A.Ş.,https://www.kap.org.tr/tr/sirket-bilgileri/genel/4028e4a1416e696301416f321c3d5ca7,A,,
ULUSOY ELEKTRİK İMALAT TAAHHÜT VE TİCARET A.Ş.,https://www.kap.org.tr/tr/sirket-bilgileri/genel/4028e4a24a069620014a341cfac83419,A,,
ULUSOY UN SANAYİ VE TİCARET A.Ş.,https://www.kap.org.tr/tr/sirket-bilgileri/genel/4028e4a14371e09d0143c4d925022442,A,"Yönetim Kuruluna Aday Gösterme, Genel Kurul Toplantılarında Oyda İmtiyaz(1:15)",İşlem Görmüyor
UMPAŞ HOLDİNG A.Ş.,https://www.kap.org.tr/tr/sirket-bilgileri/genel/4028e4a240f2ef4c0140f38be24f0091,-,,İşlem Görüyor
UŞAK SERAMİK SANAYİ A.Ş.,https://www.kap.org.tr/tr/sirket-bilgileri/genel/1DE05DAA843E073AE0530A4A622A2EBD,-,,İşlem Görüyor
ÜLKER BİSKÜVİ SANAYİ A.Ş.,https://www.kap.org.tr/tr/sirket-bilgileri/genel/4028e4a14184e9c901419801438a422b,-,Yoktur.,İşlem Görüyor
ÜNLÜ YATIRIM HOLDİNG A.Ş.,https://www.kap.org.tr/tr/sirket-bilgileri/genel/4028e4a24bcf2bca014be9def2a47203,A,Genel Kurul'da oy imtiyazı ve Yönetiim Kurulu aday gösterme imtiyazı,İşlem Görmüyor
VAKIF FİNANSAL KİRALAMA A.Ş.,https://www.kap.org.tr/tr/sirket-bilgileri/genel/4028e4a241462fd801414fa81cce2e75,-,-,İşlem Görüyor
VAKIF GAYRİMENKUL YATIRIM ORTAKLIĞI A.Ş.,https://www.kap.org.tr/tr/sirket-bilgileri/genel/4028e4a140f2ed72014101a0d3b501f7,A,Oy Hakkında İmtiyaz,İşlem Görmüyor
VAKIF MENKUL KIYMET YATIRIM ORTAKLIĞI A.Ş.,https://www.kap.org.tr/tr/sirket-bilgileri/genel/4028e4a241462fd801414fa6227c2e62,-,imtiyaz yoktur,İşlem Görüyor
VAKKO TEKSTİL VE HAZIR GİYİM SANAYİ İŞLETMELERİ A.Ş.,https://www.kap.org.tr/tr/sirket-bilgileri/genel/4028e4a2422d9a6e014251b075f0227f,-,,İşlem Görüyor
VANET GIDA SANAYİ İÇ VE DIŞ TİCARET A.Ş.,https://www.kap.org.tr/tr/sirket-bilgileri/genel/4028e4a1416e696301416ecfa3fb2ca4,A,1' e 15 oy hakkı. Yönetim Kurulu Üyelerinin yarısı A grubu pay sahiplerinin göstereceği adaylar arasından seçilir.,İşlem Görmüyor
VBT YAZILIM A.Ş.,https://www.kap.org.tr/tr/sirket-bilgileri/genel/8acae2c4794d3648017a420bdd4c4fa3,A,"Yönetim Kurulu Üyelerinin yarısını belirleme , 1'e 5 oy hakkı imtiyazı",İşlem Görmüyor
VERA KONSEPT GAYRİMENKUL YATIRIM ORTAKLIĞI A.Ş.,https://www.kap.org.tr/tr/sirket-bilgileri/genel/8acae2c486d22a3a018b27e15c37493e,A,Yönetim Kurulu Seçiminde Aday Gösterme İmtiyazı,İşlem Görmüyor
VERUSA HOLDİNG A.Ş.,https://www.kap.org.tr/tr/sirket-bilgileri/genel/4028e4a2422d9a78014275ba7f133b05,A,Genel Kurulda 15 Oy Hakkı ve Yönetim Kurulu Üyelerinin Yarısının Seçimi,İşlem Görmüyor
VERUSATURK GİRİŞİM SERMAYESİ YATIRIM ORTAKLIĞI A.Ş.,https://www.kap.org.tr/tr/sirket-bilgileri/genel/4028e4a2420327a4014209c59cc91457,A,Yönetim Kuruluna Aday Gösterme,İşlem Görmüyor
VESTEL BEYAZ EŞYA SANAYİ VE TİCARET A.Ş.,https://www.kap.org.tr/tr/sirket-bilgileri/genel/4028e4a140f2ed7201412c223c9707e6,-,Yok,İşlem Görüyor
VESTEL ELEKTRONİK SANAYİ VE TİCARET A.Ş.,https://www.kap.org.tr/tr/sirket-bilgileri/genel/4028e4a140f2ed7201412c2000c507db,-,Yok,İşlem Görüyor
VİKİNG KAĞIT VE SELÜLOZ A.Ş.,https://www.kap.org.tr/tr/sirket-bilgileri/genel/4028e4a140f2ed72014101a2d00a01fe,-,YOKTUR,İşlem Görüyor
YAPI VE KREDİ BANKASI A.Ş.,https://www.kap.org.tr/tr/sirket-bilgileri/genel/4028e4a240f2ef4c01412ae6d6630538,-,Yok,İşlem Görüyor
YAPRAK SÜT VE BESİ ÇİFTLİKLERİ SANAYİ VE TİCARET A.Ş.,https://www.kap.org.tr/tr/sirket-bilgileri/genel/4028e4a1416e696501416eec8e443d62,A,Yönetim Kuruluna Üye Atama,İşlem Görmüyor
YATAŞ YATAK VE YORGAN SANAYİ TİCARET A.Ş.,https://www.kap.org.tr/tr/sirket-bilgileri/genel/4028e4a140f2ed72014106c48768022e,-,Yoktur,İşlem Görüyor
YAYLA AGRO GIDA SANAYİ VE TİCARET A.Ş.,https://www.kap.org.tr/tr/sirket-bilgileri/genel/4028e4a2420a2daf014213d4625d3edc,A,Yönetim kurulu üye seçiminde aday gösterme imtiyaz bulunmaktadır. Yönetim Kurulu Başkanını seçme imtiyazı bulunmaktadır. Önemli Yönetim Kurulu Kararları'nda Veto Hakkı Genel kurulda bir pay için 5 oy imtiyazı bulunmaktadır. Önalım Hakkı,İşlem Görmüyor
YAYLA ENERJİ ÜRETİM TURİZM VE İNŞAAT TİCARET A.Ş.,https://www.kap.org.tr/tr/sirket-bilgileri/genel/4028e4a1486ec80b0148c539d6721829,A,Yönetim Kurulu Üye Seçimi ve Oy Hakkı,İşlem Görmüyor
YENİ GİMAT GAYRİMENKUL YATIRIM ORTAKLIĞI A.Ş.,https://www.kap.org.tr/tr/sirket-bilgileri/genel/4028e4a241733d4201417cda3f421321,A,Yönetim Kuruluna üye seçiminde aday gösterme imtiyazı,İşlem Görmüyor
YEO TEKNOLOJİ ENERJİ VE ENDÜSTRİ A.Ş.,https://www.kap.org.tr/tr/sirket-bilgileri/genel/4028e4a140f2ed7101413af3da8c0440,A,Oy Hakkı,İşlem Görmüyor
YEŞİL GAYRİMENKUL YATIRIM ORTAKLIĞI A.Ş.,https://www.kap.org.tr/tr/sirket-bilgileri/genel/4028e4a141558bdd0141560fb3fb051a,A,Yönetim kurulunda aday gösterme imtiyazı,İşlem Görmüyor
YEŞİL YAPI ENDÜSTRİSİ A.Ş.,https://www.kap.org.tr/tr/sirket-bilgileri/genel/4028e4a1416e696301416f35f8425ec3,-,,
YEŞİL YATIRIM HOLDİNG A.Ş.,https://www.kap.org.tr/tr/sirket-bilgileri/genel/4028e4a2416e696c01416edc458b30f0,A,Yönetim kurulu üyelerinin seçiminde A grubu payların her biri 15 oy hakkına sahiptir.,
YİBİTAŞ YOZGAT İŞÇİ BİRLİĞİ İNŞAAT MALZEMELERİ TİCARET VE SANAYİ A.Ş.,https://www.kap.org.tr/tr/sirket-bilgileri/genel/4028e4a2416f888d01416f94bfb001ec,-,,
YİĞİT AKÜ MALZEMELERİ NAKLİYAT TURİZM İNŞAAT SANAYİ VE TİCARET A.Ş.,https://www.kap.org.tr/tr/sirket-bilgileri/genel/8acae2c48c3efac0018fabe5e40b5043,A,Oy Hakkında İmtiyaz ve Yönetim Kurulu Üyesi Aday Gösterme İmtiyazı,İşlem Görmüyor
YONGA MOBİLYA SANAYİ VE TİCARET A.Ş.,https://www.kap.org.tr/tr/sirket-bilgileri/genel/4028e4a24158e42201415b0fde196300,-,YOK,İşlem Görüyor
YÜKSELEN ÇELİK A.Ş.,https://www.kap.org.tr/tr/sirket-bilgileri/genel/8acae2c569cee403016a6e925a8b5bd8,A,"A grubu payların Genel Kurul toplantılarında oy hakkı imtiyazı, tasfiye kararı alınmasında ve tasfiye memurlarının seçiminde imtiyazları vardır.",İşlem Görmüyor
YÜNSA YÜNLÜ SANAYİ VE TİCARET A.Ş.,https://www.kap.org.tr/tr/sirket-bilgileri/genel/4028e4a240f2ef4c014101b726fa011d,-,YOK,İşlem Görüyor
ZEDUR ENERJİ ELEKTRİK ÜRETİM A.Ş.,https://www.kap.org.tr/tr/sirket-bilgileri/genel/4028e4a240f2ef470141164fd5f803a1,A,,İşlem Görmüyor
ZİRAAT GAYRİMENKUL YATIRIM ORTAKLIĞI A.Ş.,https://www.kap.org.tr/tr/sirket-bilgileri/genel/8acae2c45835eb660158bfedd32d3332,A,Yönetim kurulu üyelerinin seçiminde aday gösterme imtiyazı,İşlem Görmüyor
ZORLU ENERJİ ELEKTRİK ÜRETİM A.Ş.,https://www.kap.org.tr/tr/sirket-bilgileri/genel/4028e4a140f2ed7201412c19687407a7,A,Yönetim Kurulu üye seçiminde aday gösterme imtiyazı,İşlem Görmüyor
1000 YATIRIMLAR HOLDİNG A.Ş.,https://www.kap.org.tr/tr/sirket-bilgileri/genel/8acae2c48b2fa25a018bba0a5034596d,A,Oy ve Yönetim,İşlem Görmüyor
